Analysis & Synthesis report for lab7v3
Mon Dec 01 13:37:52 2025
Quartus Prime Version 18.1.0 Build 625 09/12/2018 SJ Lite Edition


---------------------
; Table of Contents ;
---------------------
  1. Legal Notice
  2. Analysis & Synthesis Summary
  3. Analysis & Synthesis Settings
  4. Parallel Compilation
  5. Analysis & Synthesis Source Files Read
  6. Analysis & Synthesis Resource Usage Summary
  7. Analysis & Synthesis Resource Utilization by Entity
  8. Analysis & Synthesis RAM Summary
  9. Analysis & Synthesis DSP Block Usage Summary
 10. Analysis & Synthesis IP Cores Summary
 11. State Machine - |top|cur_st
 12. State Machine - |top|addr_ctrl:ctrl_mem|cur_st
 13. User-Specified and Inferred Latches
 14. Registers Removed During Synthesis
 15. General Register Statistics
 16. Inverted Register Statistics
 17. Multiplexer Restructuring Statistics (Restructuring Performed)
 18. Source assignments for blink_rom:rom_inst|altsyncram:altsyncram_component|altsyncram_e444:auto_generated|altsyncram_jh43:altsyncram1
 19. Parameter Settings for User Entity Instance: Top-level Entity: |top
 20. Parameter Settings for User Entity Instance: memory:ram_mem
 21. Parameter Settings for User Entity Instance: seven_segment_full:display
 22. Parameter Settings for User Entity Instance: blink_rom:rom_inst|altsyncram:altsyncram_component
 23. Parameter Settings for Inferred Entity Instance: seven_segment_full:display|lpm_divide:Mod1
 24. Parameter Settings for Inferred Entity Instance: seven_segment_full:display|lpm_divide:Div1
 25. Parameter Settings for Inferred Entity Instance: seven_segment_full:display|lpm_divide:Mod0
 26. Parameter Settings for Inferred Entity Instance: seven_segment_full:display|lpm_divide:Div0
 27. Parameter Settings for Inferred Entity Instance: alu:math_alu|lpm_divide:Div0
 28. altsyncram Parameter Settings by Entity Instance
 29. In-System Memory Content Editor Settings
 30. Post-Synthesis Netlist Statistics for Top Partition
 31. Elapsed Time Per Partition
 32. Analysis & Synthesis Messages



----------------
; Legal Notice ;
----------------
Copyright (C) 2018  Intel Corporation. All rights reserved.
Your use of Intel Corporation's design tools, logic functions 
and other software and tools, and its AMPP partner logic 
functions, and any output files from any of the foregoing 
(including device programming or simulation files), and any 
associated documentation or information are expressly subject 
to the terms and conditions of the Intel Program License 
Subscription Agreement, the Intel Quartus Prime License Agreement,
the Intel FPGA IP License Agreement, or other applicable license
agreement, including, without limitation, that your use is for
the sole purpose of programming logic devices manufactured by
Intel and sold by Intel or its authorized distributors.  Please
refer to the applicable agreement for further details.



+-------------------------------------------------------------------------------+
; Analysis & Synthesis Summary                                                  ;
+---------------------------------+---------------------------------------------+
; Analysis & Synthesis Status     ; Successful - Mon Dec 01 13:37:52 2025       ;
; Quartus Prime Version           ; 18.1.0 Build 625 09/12/2018 SJ Lite Edition ;
; Revision Name                   ; lab7v3                                      ;
; Top-level Entity Name           ; top                                         ;
; Family                          ; Cyclone V                                   ;
; Logic utilization (in ALMs)     ; N/A                                         ;
; Total registers                 ; 176                                         ;
; Total pins                      ; 29                                          ;
; Total virtual pins              ; 0                                           ;
; Total block memory bits         ; 384                                         ;
; Total DSP Blocks                ; 1                                           ;
; Total HSSI RX PCSs              ; 0                                           ;
; Total HSSI PMA RX Deserializers ; 0                                           ;
; Total HSSI TX PCSs              ; 0                                           ;
; Total HSSI PMA TX Serializers   ; 0                                           ;
; Total PLLs                      ; 0                                           ;
; Total DLLs                      ; 0                                           ;
+---------------------------------+---------------------------------------------+


+---------------------------------------------------------------------------------------------------------------------------+
; Analysis & Synthesis Settings                                                                                             ;
+---------------------------------------------------------------------------------+--------------------+--------------------+
; Option                                                                          ; Setting            ; Default Value      ;
+---------------------------------------------------------------------------------+--------------------+--------------------+
; Device                                                                          ; 5CSEMA5F31C6       ;                    ;
; Top-level entity name                                                           ; top                ; lab7v3             ;
; Family name                                                                     ; Cyclone V          ; Cyclone V          ;
; VHDL Show LMF Mapping Messages                                                  ; Off                ;                    ;
; VHDL Version                                                                    ; VHDL_2008          ; VHDL_1993          ;
; Use smart compilation                                                           ; Off                ; Off                ;
; Enable parallel Assembler and Timing Analyzer during compilation                ; On                 ; On                 ;
; Enable compact report table                                                     ; Off                ; Off                ;
; Restructure Multiplexers                                                        ; Auto               ; Auto               ;
; MLAB Add Timing Constraints For Mixed-Port Feed-Through Mode Setting Don't Care ; Off                ; Off                ;
; Create Debugging Nodes for IP Cores                                             ; Off                ; Off                ;
; Preserve fewer node names                                                       ; On                 ; On                 ;
; Intel FPGA IP Evaluation Mode                                                   ; Enable             ; Enable             ;
; Verilog Version                                                                 ; Verilog_2001       ; Verilog_2001       ;
; State Machine Processing                                                        ; Auto               ; Auto               ;
; Safe State Machine                                                              ; Off                ; Off                ;
; Extract Verilog State Machines                                                  ; On                 ; On                 ;
; Extract VHDL State Machines                                                     ; On                 ; On                 ;
; Ignore Verilog initial constructs                                               ; Off                ; Off                ;
; Iteration limit for constant Verilog loops                                      ; 5000               ; 5000               ;
; Iteration limit for non-constant Verilog loops                                  ; 250                ; 250                ;
; Add Pass-Through Logic to Inferred RAMs                                         ; On                 ; On                 ;
; Infer RAMs from Raw Logic                                                       ; On                 ; On                 ;
; Parallel Synthesis                                                              ; On                 ; On                 ;
; DSP Block Balancing                                                             ; Auto               ; Auto               ;
; NOT Gate Push-Back                                                              ; On                 ; On                 ;
; Power-Up Don't Care                                                             ; On                 ; On                 ;
; Remove Redundant Logic Cells                                                    ; Off                ; Off                ;
; Remove Duplicate Registers                                                      ; On                 ; On                 ;
; Ignore CARRY Buffers                                                            ; Off                ; Off                ;
; Ignore CASCADE Buffers                                                          ; Off                ; Off                ;
; Ignore GLOBAL Buffers                                                           ; Off                ; Off                ;
; Ignore ROW GLOBAL Buffers                                                       ; Off                ; Off                ;
; Ignore LCELL Buffers                                                            ; Off                ; Off                ;
; Ignore SOFT Buffers                                                             ; On                 ; On                 ;
; Limit AHDL Integers to 32 Bits                                                  ; Off                ; Off                ;
; Optimization Technique                                                          ; Balanced           ; Balanced           ;
; Carry Chain Length                                                              ; 70                 ; 70                 ;
; Auto Carry Chains                                                               ; On                 ; On                 ;
; Auto Open-Drain Pins                                                            ; On                 ; On                 ;
; Perform WYSIWYG Primitive Resynthesis                                           ; Off                ; Off                ;
; Auto ROM Replacement                                                            ; On                 ; On                 ;
; Auto RAM Replacement                                                            ; On                 ; On                 ;
; Auto DSP Block Replacement                                                      ; On                 ; On                 ;
; Auto Shift Register Replacement                                                 ; Auto               ; Auto               ;
; Allow Shift Register Merging across Hierarchies                                 ; Auto               ; Auto               ;
; Auto Clock Enable Replacement                                                   ; On                 ; On                 ;
; Strict RAM Replacement                                                          ; Off                ; Off                ;
; Allow Synchronous Control Signals                                               ; On                 ; On                 ;
; Force Use of Synchronous Clear Signals                                          ; Off                ; Off                ;
; Auto Resource Sharing                                                           ; Off                ; Off                ;
; Allow Any RAM Size For Recognition                                              ; Off                ; Off                ;
; Allow Any ROM Size For Recognition                                              ; Off                ; Off                ;
; Allow Any Shift Register Size For Recognition                                   ; Off                ; Off                ;
; Use LogicLock Constraints during Resource Balancing                             ; On                 ; On                 ;
; Ignore translate_off and synthesis_off directives                               ; Off                ; Off                ;
; Timing-Driven Synthesis                                                         ; On                 ; On                 ;
; Report Parameter Settings                                                       ; On                 ; On                 ;
; Report Source Assignments                                                       ; On                 ; On                 ;
; Report Connectivity Checks                                                      ; On                 ; On                 ;
; Ignore Maximum Fan-Out Assignments                                              ; Off                ; Off                ;
; Synchronization Register Chain Length                                           ; 3                  ; 3                  ;
; Power Optimization During Synthesis                                             ; Normal compilation ; Normal compilation ;
; HDL message level                                                               ; Level2             ; Level2             ;
; Suppress Register Optimization Related Messages                                 ; Off                ; Off                ;
; Number of Removed Registers Reported in Synthesis Report                        ; 5000               ; 5000               ;
; Number of Swept Nodes Reported in Synthesis Report                              ; 5000               ; 5000               ;
; Number of Inverted Registers Reported in Synthesis Report                       ; 100                ; 100                ;
; Clock MUX Protection                                                            ; On                 ; On                 ;
; Auto Gated Clock Conversion                                                     ; Off                ; Off                ;
; Block Design Naming                                                             ; Auto               ; Auto               ;
; SDC constraint protection                                                       ; Off                ; Off                ;
; Synthesis Effort                                                                ; Auto               ; Auto               ;
; Shift Register Replacement - Allow Asynchronous Clear Signal                    ; On                 ; On                 ;
; Pre-Mapping Resynthesis Optimization                                            ; Off                ; Off                ;
; Analysis & Synthesis Message Level                                              ; Medium             ; Medium             ;
; Disable Register Merging Across Hierarchies                                     ; Auto               ; Auto               ;
; Resource Aware Inference For Block RAM                                          ; On                 ; On                 ;
; Automatic Parallel Synthesis                                                    ; On                 ; On                 ;
; Partial Reconfiguration Bitstream ID                                            ; Off                ; Off                ;
+---------------------------------------------------------------------------------+--------------------+--------------------+


+------------------------------------------+
; Parallel Compilation                     ;
+----------------------------+-------------+
; Processors                 ; Number      ;
+----------------------------+-------------+
; Number detected on machine ; 20          ;
; Maximum allowed            ; 14          ;
;                            ;             ;
; Average used               ; 1.00        ;
; Maximum used               ; 14          ;
;                            ;             ;
; Usage by Processor         ; % Time Used ;
;     Processor 1            ; 100.0%      ;
;     Processor 2            ;   0.0%      ;
;     Processors 3-14        ;   0.0%      ;
+----------------------------+-------------+


+-------------------------------------------------------------------------------------------------------------------------------------------------------------------------------------------------------------------------------------------------------------------------------------+
; Analysis & Synthesis Source Files Read                                                                                                                                                                                                                                              ;
+--------------------------------------------------------------------+-----------------+----------------------------------------------+---------------------------------------------------------------------------------------------------------------------------------+-------------+
; File Name with User-Entered Path                                   ; Used in Netlist ; File Type                                    ; File Name with Absolute Path                                                                                                    ; Library     ;
+--------------------------------------------------------------------+-----------------+----------------------------------------------+---------------------------------------------------------------------------------------------------------------------------------+-------------+
; src/top.vhd                                                        ; yes             ; User VHDL File                               ; C:/Users/a9284/Documents/GitHub/CPET-343/Lab7/toPost/lab7 v3/src/top.vhd                                                        ;             ;
; src/seven_segment_full.vhd                                         ; yes             ; User VHDL File                               ; C:/Users/a9284/Documents/GitHub/CPET-343/Lab7/toPost/lab7 v3/src/seven_segment_full.vhd                                         ;             ;
; src/rising_edge_synchronizer.vhd                                   ; yes             ; User VHDL File                               ; C:/Users/a9284/Documents/GitHub/CPET-343/Lab7/toPost/lab7 v3/src/rising_edge_synchronizer.vhd                                   ;             ;
; src/memory.vhd                                                     ; yes             ; User VHDL File                               ; C:/Users/a9284/Documents/GitHub/CPET-343/Lab7/toPost/lab7 v3/src/memory.vhd                                                     ;             ;
; src/alu.vhd                                                        ; yes             ; User VHDL File                               ; C:/Users/a9284/Documents/GitHub/CPET-343/Lab7/toPost/lab7 v3/src/alu.vhd                                                        ;             ;
; src/addr_ctrl.vhd                                                  ; yes             ; User VHDL File                               ; C:/Users/a9284/Documents/GitHub/CPET-343/Lab7/toPost/lab7 v3/src/addr_ctrl.vhd                                                  ;             ;
; blink_rom.vhd                                                      ; yes             ; User Wizard-Generated File                   ; C:/Users/a9284/Documents/GitHub/CPET-343/Lab7/toPost/lab7 v3/blink_rom.vhd                                                      ;             ;
; altsyncram.tdf                                                     ; yes             ; Megafunction                                 ; c:/intelfpga_lite/18.1/quartus/libraries/megafunctions/altsyncram.tdf                                                           ;             ;
; stratix_ram_block.inc                                              ; yes             ; Megafunction                                 ; c:/intelfpga_lite/18.1/quartus/libraries/megafunctions/stratix_ram_block.inc                                                    ;             ;
; lpm_mux.inc                                                        ; yes             ; Megafunction                                 ; c:/intelfpga_lite/18.1/quartus/libraries/megafunctions/lpm_mux.inc                                                              ;             ;
; lpm_decode.inc                                                     ; yes             ; Megafunction                                 ; c:/intelfpga_lite/18.1/quartus/libraries/megafunctions/lpm_decode.inc                                                           ;             ;
; aglobal181.inc                                                     ; yes             ; Megafunction                                 ; c:/intelfpga_lite/18.1/quartus/libraries/megafunctions/aglobal181.inc                                                           ;             ;
; a_rdenreg.inc                                                      ; yes             ; Megafunction                                 ; c:/intelfpga_lite/18.1/quartus/libraries/megafunctions/a_rdenreg.inc                                                            ;             ;
; altrom.inc                                                         ; yes             ; Megafunction                                 ; c:/intelfpga_lite/18.1/quartus/libraries/megafunctions/altrom.inc                                                               ;             ;
; altram.inc                                                         ; yes             ; Megafunction                                 ; c:/intelfpga_lite/18.1/quartus/libraries/megafunctions/altram.inc                                                               ;             ;
; altdpram.inc                                                       ; yes             ; Megafunction                                 ; c:/intelfpga_lite/18.1/quartus/libraries/megafunctions/altdpram.inc                                                             ;             ;
; db/altsyncram_e444.tdf                                             ; yes             ; Auto-Generated Megafunction                  ; C:/Users/a9284/Documents/GitHub/CPET-343/Lab7/toPost/lab7 v3/db/altsyncram_e444.tdf                                             ;             ;
; db/altsyncram_jh43.tdf                                             ; yes             ; Auto-Generated Megafunction                  ; C:/Users/a9284/Documents/GitHub/CPET-343/Lab7/toPost/lab7 v3/db/altsyncram_jh43.tdf                                             ;             ;
; ./src/rom/blink.mif                                                ; yes             ; Auto-Found Memory Initialization File        ; C:/Users/a9284/Documents/GitHub/CPET-343/Lab7/toPost/lab7 v3/src/rom/blink.mif                                                  ;             ;
; sld_mod_ram_rom.vhd                                                ; yes             ; Encrypted Megafunction                       ; c:/intelfpga_lite/18.1/quartus/libraries/megafunctions/sld_mod_ram_rom.vhd                                                      ;             ;
; sld_jtag_endpoint_adapter.vhd                                      ; yes             ; Encrypted Megafunction                       ; c:/intelfpga_lite/18.1/quartus/libraries/megafunctions/sld_jtag_endpoint_adapter.vhd                                            ;             ;
; sld_jtag_endpoint_adapter_impl.sv                                  ; yes             ; Encrypted Megafunction                       ; c:/intelfpga_lite/18.1/quartus/libraries/megafunctions/sld_jtag_endpoint_adapter_impl.sv                                        ;             ;
; sld_rom_sr.vhd                                                     ; yes             ; Encrypted Megafunction                       ; c:/intelfpga_lite/18.1/quartus/libraries/megafunctions/sld_rom_sr.vhd                                                           ;             ;
; sld_hub.vhd                                                        ; yes             ; Encrypted Megafunction                       ; c:/intelfpga_lite/18.1/quartus/libraries/megafunctions/sld_hub.vhd                                                              ; altera_sld  ;
; db/ip/sldf8365540/alt_sld_fab.v                                    ; yes             ; Encrypted Auto-Found Verilog HDL File        ; C:/Users/a9284/Documents/GitHub/CPET-343/Lab7/toPost/lab7 v3/db/ip/sldf8365540/alt_sld_fab.v                                    ; alt_sld_fab ;
; db/ip/sldf8365540/submodules/alt_sld_fab_alt_sld_fab.v             ; yes             ; Encrypted Auto-Found Verilog HDL File        ; C:/Users/a9284/Documents/GitHub/CPET-343/Lab7/toPost/lab7 v3/db/ip/sldf8365540/submodules/alt_sld_fab_alt_sld_fab.v             ; alt_sld_fab ;
; db/ip/sldf8365540/submodules/alt_sld_fab_alt_sld_fab_ident.sv      ; yes             ; Auto-Found SystemVerilog HDL File            ; C:/Users/a9284/Documents/GitHub/CPET-343/Lab7/toPost/lab7 v3/db/ip/sldf8365540/submodules/alt_sld_fab_alt_sld_fab_ident.sv      ; alt_sld_fab ;
; db/ip/sldf8365540/submodules/alt_sld_fab_alt_sld_fab_presplit.sv   ; yes             ; Encrypted Auto-Found SystemVerilog HDL File  ; C:/Users/a9284/Documents/GitHub/CPET-343/Lab7/toPost/lab7 v3/db/ip/sldf8365540/submodules/alt_sld_fab_alt_sld_fab_presplit.sv   ; alt_sld_fab ;
; db/ip/sldf8365540/submodules/alt_sld_fab_alt_sld_fab_sldfabric.vhd ; yes             ; Encrypted Auto-Found VHDL File               ; C:/Users/a9284/Documents/GitHub/CPET-343/Lab7/toPost/lab7 v3/db/ip/sldf8365540/submodules/alt_sld_fab_alt_sld_fab_sldfabric.vhd ; alt_sld_fab ;
; db/ip/sldf8365540/submodules/alt_sld_fab_alt_sld_fab_splitter.sv   ; yes             ; Encrypted Auto-Found SystemVerilog HDL File  ; C:/Users/a9284/Documents/GitHub/CPET-343/Lab7/toPost/lab7 v3/db/ip/sldf8365540/submodules/alt_sld_fab_alt_sld_fab_splitter.sv   ; alt_sld_fab ;
; sld_jtag_hub.vhd                                                   ; yes             ; Encrypted Megafunction                       ; c:/intelfpga_lite/18.1/quartus/libraries/megafunctions/sld_jtag_hub.vhd                                                         ;             ;
; lpm_divide.tdf                                                     ; yes             ; Megafunction                                 ; c:/intelfpga_lite/18.1/quartus/libraries/megafunctions/lpm_divide.tdf                                                           ;             ;
; abs_divider.inc                                                    ; yes             ; Megafunction                                 ; c:/intelfpga_lite/18.1/quartus/libraries/megafunctions/abs_divider.inc                                                          ;             ;
; sign_div_unsign.inc                                                ; yes             ; Megafunction                                 ; c:/intelfpga_lite/18.1/quartus/libraries/megafunctions/sign_div_unsign.inc                                                      ;             ;
; db/lpm_divide_e2m.tdf                                              ; yes             ; Auto-Generated Megafunction                  ; C:/Users/a9284/Documents/GitHub/CPET-343/Lab7/toPost/lab7 v3/db/lpm_divide_e2m.tdf                                              ;             ;
; db/sign_div_unsign_hkh.tdf                                         ; yes             ; Auto-Generated Megafunction                  ; C:/Users/a9284/Documents/GitHub/CPET-343/Lab7/toPost/lab7 v3/db/sign_div_unsign_hkh.tdf                                         ;             ;
; db/alt_u_div_8te.tdf                                               ; yes             ; Auto-Generated Megafunction                  ; C:/Users/a9284/Documents/GitHub/CPET-343/Lab7/toPost/lab7 v3/db/alt_u_div_8te.tdf                                               ;             ;
; db/lpm_divide_6am.tdf                                              ; yes             ; Auto-Generated Megafunction                  ; C:/Users/a9284/Documents/GitHub/CPET-343/Lab7/toPost/lab7 v3/db/lpm_divide_6am.tdf                                              ;             ;
; db/sign_div_unsign_ckh.tdf                                         ; yes             ; Auto-Generated Megafunction                  ; C:/Users/a9284/Documents/GitHub/CPET-343/Lab7/toPost/lab7 v3/db/sign_div_unsign_ckh.tdf                                         ;             ;
; db/alt_u_div_use.tdf                                               ; yes             ; Auto-Generated Megafunction                  ; C:/Users/a9284/Documents/GitHub/CPET-343/Lab7/toPost/lab7 v3/db/alt_u_div_use.tdf                                               ;             ;
; db/lpm_divide_9am.tdf                                              ; yes             ; Auto-Generated Megafunction                  ; C:/Users/a9284/Documents/GitHub/CPET-343/Lab7/toPost/lab7 v3/db/lpm_divide_9am.tdf                                              ;             ;
; db/sign_div_unsign_fkh.tdf                                         ; yes             ; Auto-Generated Megafunction                  ; C:/Users/a9284/Documents/GitHub/CPET-343/Lab7/toPost/lab7 v3/db/sign_div_unsign_fkh.tdf                                         ;             ;
; db/alt_u_div_4te.tdf                                               ; yes             ; Auto-Generated Megafunction                  ; C:/Users/a9284/Documents/GitHub/CPET-343/Lab7/toPost/lab7 v3/db/alt_u_div_4te.tdf                                               ;             ;
; db/lpm_divide_aam.tdf                                              ; yes             ; Auto-Generated Megafunction                  ; C:/Users/a9284/Documents/GitHub/CPET-343/Lab7/toPost/lab7 v3/db/lpm_divide_aam.tdf                                              ;             ;
; db/sign_div_unsign_gkh.tdf                                         ; yes             ; Auto-Generated Megafunction                  ; C:/Users/a9284/Documents/GitHub/CPET-343/Lab7/toPost/lab7 v3/db/sign_div_unsign_gkh.tdf                                         ;             ;
; db/alt_u_div_5te.tdf                                               ; yes             ; Auto-Generated Megafunction                  ; C:/Users/a9284/Documents/GitHub/CPET-343/Lab7/toPost/lab7 v3/db/alt_u_div_5te.tdf                                               ;             ;
+--------------------------------------------------------------------+-----------------+----------------------------------------------+---------------------------------------------------------------------------------------------------------------------------------+-------------+


+------------------------------------------------------------------------+
; Analysis & Synthesis Resource Usage Summary                            ;
+---------------------------------------------+--------------------------+
; Resource                                    ; Usage                    ;
+---------------------------------------------+--------------------------+
; Estimate of Logic utilization (ALMs needed) ; 330                      ;
;                                             ;                          ;
; Combinational ALUT usage for logic          ; 609                      ;
;     -- 7 input functions                    ; 1                        ;
;     -- 6 input functions                    ; 33                       ;
;     -- 5 input functions                    ; 62                       ;
;     -- 4 input functions                    ; 138                      ;
;     -- <=3 input functions                  ; 375                      ;
;                                             ;                          ;
; Dedicated logic registers                   ; 176                      ;
;                                             ;                          ;
; I/O pins                                    ; 29                       ;
; Total MLAB memory bits                      ; 0                        ;
; Total block memory bits                     ; 384                      ;
;                                             ;                          ;
; Total DSP Blocks                            ; 1                        ;
;                                             ;                          ;
; Maximum fan-out node                        ; altera_internal_jtag~TDO ;
; Maximum fan-out                             ; 160                      ;
; Total fan-out                               ; 2874                     ;
; Average fan-out                             ; 3.32                     ;
+---------------------------------------------+--------------------------+


+-------------------------------------------------------------------------------------------------------------------------------------------------------------------------------------------------------------------------------------------------------------------------------------------------------------------------------------------------------------------------------------------------------------------------------------------------------------------------------------------------------------------------------------------------------------------------------------------------------------------------------------------------------+
; Analysis & Synthesis Resource Utilization by Entity                                                                                                                                                                                                                                                                                                                                                                                                                                                                                                                                                                                                   ;
+-----------------------------------------------------------------------------------------------------------------------------------------+---------------------+---------------------------+-------------------+------------+------+--------------+-------------------------------------------------------------------------------------------------------------------------------------------------------------------------------------------------------------------------------------------------------------------------------------------------------------------------------------------------+-----------------------------------+--------------+
; Compilation Hierarchy Node                                                                                                              ; Combinational ALUTs ; Dedicated Logic Registers ; Block Memory Bits ; DSP Blocks ; Pins ; Virtual Pins ; Full Hierarchy Name                                                                                                                                                                                                                                                                                                                             ; Entity Name                       ; Library Name ;
+-----------------------------------------------------------------------------------------------------------------------------------------+---------------------+---------------------------+-------------------+------------+------+--------------+-------------------------------------------------------------------------------------------------------------------------------------------------------------------------------------------------------------------------------------------------------------------------------------------------------------------------------------------------+-----------------------------------+--------------+
; |top                                                                                                                                    ; 609 (14)            ; 176 (8)                   ; 384               ; 1          ; 29   ; 0            ; |top                                                                                                                                                                                                                                                                                                                                            ; top                               ; work         ;
;    |addr_ctrl:ctrl_mem|                                                                                                                 ; 16 (16)             ; 9 (9)                     ; 0                 ; 0          ; 0    ; 0            ; |top|addr_ctrl:ctrl_mem                                                                                                                                                                                                                                                                                                                         ; addr_ctrl                         ; work         ;
;    |alu:math_alu|                                                                                                                       ; 99 (17)             ; 8 (8)                     ; 0                 ; 1          ; 0    ; 0            ; |top|alu:math_alu                                                                                                                                                                                                                                                                                                                               ; alu                               ; work         ;
;       |lpm_divide:Div0|                                                                                                                 ; 82 (0)              ; 0 (0)                     ; 0                 ; 0          ; 0    ; 0            ; |top|alu:math_alu|lpm_divide:Div0                                                                                                                                                                                                                                                                                                               ; lpm_divide                        ; work         ;
;          |lpm_divide_aam:auto_generated|                                                                                                ; 82 (0)              ; 0 (0)                     ; 0                 ; 0          ; 0    ; 0            ; |top|alu:math_alu|lpm_divide:Div0|lpm_divide_aam:auto_generated                                                                                                                                                                                                                                                                                 ; lpm_divide_aam                    ; work         ;
;             |sign_div_unsign_gkh:divider|                                                                                               ; 82 (0)              ; 0 (0)                     ; 0                 ; 0          ; 0    ; 0            ; |top|alu:math_alu|lpm_divide:Div0|lpm_divide_aam:auto_generated|sign_div_unsign_gkh:divider                                                                                                                                                                                                                                                     ; sign_div_unsign_gkh               ; work         ;
;                |alt_u_div_5te:divider|                                                                                                  ; 82 (82)             ; 0 (0)                     ; 0                 ; 0          ; 0    ; 0            ; |top|alu:math_alu|lpm_divide:Div0|lpm_divide_aam:auto_generated|sign_div_unsign_gkh:divider|alt_u_div_5te:divider                                                                                                                                                                                                                               ; alt_u_div_5te                     ; work         ;
;    |blink_rom:rom_inst|                                                                                                                 ; 37 (0)              ; 36 (0)                    ; 384               ; 0          ; 0    ; 0            ; |top|blink_rom:rom_inst                                                                                                                                                                                                                                                                                                                         ; blink_rom                         ; work         ;
;       |altsyncram:altsyncram_component|                                                                                                 ; 37 (0)              ; 36 (0)                    ; 384               ; 0          ; 0    ; 0            ; |top|blink_rom:rom_inst|altsyncram:altsyncram_component                                                                                                                                                                                                                                                                                         ; altsyncram                        ; work         ;
;          |altsyncram_e444:auto_generated|                                                                                               ; 37 (0)              ; 36 (0)                    ; 384               ; 0          ; 0    ; 0            ; |top|blink_rom:rom_inst|altsyncram:altsyncram_component|altsyncram_e444:auto_generated                                                                                                                                                                                                                                                          ; altsyncram_e444                   ; work         ;
;             |altsyncram_jh43:altsyncram1|                                                                                               ; 0 (0)               ; 0 (0)                     ; 384               ; 0          ; 0    ; 0            ; |top|blink_rom:rom_inst|altsyncram:altsyncram_component|altsyncram_e444:auto_generated|altsyncram_jh43:altsyncram1                                                                                                                                                                                                                              ; altsyncram_jh43                   ; work         ;
;             |sld_mod_ram_rom:mgl_prim2|                                                                                                 ; 37 (21)             ; 36 (28)                   ; 0                 ; 0          ; 0    ; 0            ; |top|blink_rom:rom_inst|altsyncram:altsyncram_component|altsyncram_e444:auto_generated|sld_mod_ram_rom:mgl_prim2                                                                                                                                                                                                                                ; sld_mod_ram_rom                   ; work         ;
;                |sld_rom_sr:\ram_rom_logic_gen:no_name_gen:info_rom_sr|                                                                  ; 16 (16)             ; 8 (8)                     ; 0                 ; 0          ; 0    ; 0            ; |top|blink_rom:rom_inst|altsyncram:altsyncram_component|altsyncram_e444:auto_generated|sld_mod_ram_rom:mgl_prim2|sld_rom_sr:\ram_rom_logic_gen:no_name_gen:info_rom_sr                                                                                                                                                                          ; sld_rom_sr                        ; work         ;
;    |memory:ram_mem|                                                                                                                     ; 68 (68)             ; 24 (24)                   ; 0                 ; 0          ; 0    ; 0            ; |top|memory:ram_mem                                                                                                                                                                                                                                                                                                                             ; memory                            ; work         ;
;    |rising_edge_synchronizer:exec_sync|                                                                                                 ; 2 (2)               ; 4 (4)                     ; 0                 ; 0          ; 0    ; 0            ; |top|rising_edge_synchronizer:exec_sync                                                                                                                                                                                                                                                                                                         ; rising_edge_synchronizer          ; work         ;
;    |seven_segment_full:display|                                                                                                         ; 275 (21)            ; 0 (0)                     ; 0                 ; 0          ; 0    ; 0            ; |top|seven_segment_full:display                                                                                                                                                                                                                                                                                                                 ; seven_segment_full                ; work         ;
;       |lpm_divide:Div0|                                                                                                                 ; 41 (0)              ; 0 (0)                     ; 0                 ; 0          ; 0    ; 0            ; |top|seven_segment_full:display|lpm_divide:Div0                                                                                                                                                                                                                                                                                                 ; lpm_divide                        ; work         ;
;          |lpm_divide_9am:auto_generated|                                                                                                ; 41 (0)              ; 0 (0)                     ; 0                 ; 0          ; 0    ; 0            ; |top|seven_segment_full:display|lpm_divide:Div0|lpm_divide_9am:auto_generated                                                                                                                                                                                                                                                                   ; lpm_divide_9am                    ; work         ;
;             |sign_div_unsign_fkh:divider|                                                                                               ; 41 (0)              ; 0 (0)                     ; 0                 ; 0          ; 0    ; 0            ; |top|seven_segment_full:display|lpm_divide:Div0|lpm_divide_9am:auto_generated|sign_div_unsign_fkh:divider                                                                                                                                                                                                                                       ; sign_div_unsign_fkh               ; work         ;
;                |alt_u_div_4te:divider|                                                                                                  ; 41 (41)             ; 0 (0)                     ; 0                 ; 0          ; 0    ; 0            ; |top|seven_segment_full:display|lpm_divide:Div0|lpm_divide_9am:auto_generated|sign_div_unsign_fkh:divider|alt_u_div_4te:divider                                                                                                                                                                                                                 ; alt_u_div_4te                     ; work         ;
;       |lpm_divide:Div1|                                                                                                                 ; 58 (0)              ; 0 (0)                     ; 0                 ; 0          ; 0    ; 0            ; |top|seven_segment_full:display|lpm_divide:Div1                                                                                                                                                                                                                                                                                                 ; lpm_divide                        ; work         ;
;          |lpm_divide_6am:auto_generated|                                                                                                ; 58 (0)              ; 0 (0)                     ; 0                 ; 0          ; 0    ; 0            ; |top|seven_segment_full:display|lpm_divide:Div1|lpm_divide_6am:auto_generated                                                                                                                                                                                                                                                                   ; lpm_divide_6am                    ; work         ;
;             |sign_div_unsign_ckh:divider|                                                                                               ; 58 (0)              ; 0 (0)                     ; 0                 ; 0          ; 0    ; 0            ; |top|seven_segment_full:display|lpm_divide:Div1|lpm_divide_6am:auto_generated|sign_div_unsign_ckh:divider                                                                                                                                                                                                                                       ; sign_div_unsign_ckh               ; work         ;
;                |alt_u_div_use:divider|                                                                                                  ; 58 (58)             ; 0 (0)                     ; 0                 ; 0          ; 0    ; 0            ; |top|seven_segment_full:display|lpm_divide:Div1|lpm_divide_6am:auto_generated|sign_div_unsign_ckh:divider|alt_u_div_use:divider                                                                                                                                                                                                                 ; alt_u_div_use                     ; work         ;
;       |lpm_divide:Mod0|                                                                                                                 ; 69 (0)              ; 0 (0)                     ; 0                 ; 0          ; 0    ; 0            ; |top|seven_segment_full:display|lpm_divide:Mod0                                                                                                                                                                                                                                                                                                 ; lpm_divide                        ; work         ;
;          |lpm_divide_e2m:auto_generated|                                                                                                ; 69 (0)              ; 0 (0)                     ; 0                 ; 0          ; 0    ; 0            ; |top|seven_segment_full:display|lpm_divide:Mod0|lpm_divide_e2m:auto_generated                                                                                                                                                                                                                                                                   ; lpm_divide_e2m                    ; work         ;
;             |sign_div_unsign_hkh:divider|                                                                                               ; 69 (0)              ; 0 (0)                     ; 0                 ; 0          ; 0    ; 0            ; |top|seven_segment_full:display|lpm_divide:Mod0|lpm_divide_e2m:auto_generated|sign_div_unsign_hkh:divider                                                                                                                                                                                                                                       ; sign_div_unsign_hkh               ; work         ;
;                |alt_u_div_8te:divider|                                                                                                  ; 69 (69)             ; 0 (0)                     ; 0                 ; 0          ; 0    ; 0            ; |top|seven_segment_full:display|lpm_divide:Mod0|lpm_divide_e2m:auto_generated|sign_div_unsign_hkh:divider|alt_u_div_8te:divider                                                                                                                                                                                                                 ; alt_u_div_8te                     ; work         ;
;       |lpm_divide:Mod1|                                                                                                                 ; 86 (0)              ; 0 (0)                     ; 0                 ; 0          ; 0    ; 0            ; |top|seven_segment_full:display|lpm_divide:Mod1                                                                                                                                                                                                                                                                                                 ; lpm_divide                        ; work         ;
;          |lpm_divide_e2m:auto_generated|                                                                                                ; 86 (0)              ; 0 (0)                     ; 0                 ; 0          ; 0    ; 0            ; |top|seven_segment_full:display|lpm_divide:Mod1|lpm_divide_e2m:auto_generated                                                                                                                                                                                                                                                                   ; lpm_divide_e2m                    ; work         ;
;             |sign_div_unsign_hkh:divider|                                                                                               ; 86 (0)              ; 0 (0)                     ; 0                 ; 0          ; 0    ; 0            ; |top|seven_segment_full:display|lpm_divide:Mod1|lpm_divide_e2m:auto_generated|sign_div_unsign_hkh:divider                                                                                                                                                                                                                                       ; sign_div_unsign_hkh               ; work         ;
;                |alt_u_div_8te:divider|                                                                                                  ; 86 (86)             ; 0 (0)                     ; 0                 ; 0          ; 0    ; 0            ; |top|seven_segment_full:display|lpm_divide:Mod1|lpm_divide_e2m:auto_generated|sign_div_unsign_hkh:divider|alt_u_div_8te:divider                                                                                                                                                                                                                 ; alt_u_div_8te                     ; work         ;
;    |sld_hub:auto_hub|                                                                                                                   ; 98 (1)              ; 87 (0)                    ; 0                 ; 0          ; 0    ; 0            ; |top|sld_hub:auto_hub                                                                                                                                                                                                                                                                                                                           ; sld_hub                           ; altera_sld   ;
;       |alt_sld_fab_with_jtag_input:\instrumentation_fabric_with_node_gen:fabric_gen_new_way:with_jtag_input_gen:instrumentation_fabric| ; 97 (0)              ; 87 (0)                    ; 0                 ; 0          ; 0    ; 0            ; |top|sld_hub:auto_hub|alt_sld_fab_with_jtag_input:\instrumentation_fabric_with_node_gen:fabric_gen_new_way:with_jtag_input_gen:instrumentation_fabric                                                                                                                                                                                           ; alt_sld_fab_with_jtag_input       ; altera_sld   ;
;          |alt_sld_fab:instrumentation_fabric|                                                                                           ; 97 (0)              ; 87 (0)                    ; 0                 ; 0          ; 0    ; 0            ; |top|sld_hub:auto_hub|alt_sld_fab_with_jtag_input:\instrumentation_fabric_with_node_gen:fabric_gen_new_way:with_jtag_input_gen:instrumentation_fabric|alt_sld_fab:instrumentation_fabric                                                                                                                                                        ; alt_sld_fab                       ; alt_sld_fab  ;
;             |alt_sld_fab_alt_sld_fab:alt_sld_fab|                                                                                       ; 97 (1)              ; 87 (5)                    ; 0                 ; 0          ; 0    ; 0            ; |top|sld_hub:auto_hub|alt_sld_fab_with_jtag_input:\instrumentation_fabric_with_node_gen:fabric_gen_new_way:with_jtag_input_gen:instrumentation_fabric|alt_sld_fab:instrumentation_fabric|alt_sld_fab_alt_sld_fab:alt_sld_fab                                                                                                                    ; alt_sld_fab_alt_sld_fab           ; alt_sld_fab  ;
;                |alt_sld_fab_alt_sld_fab_sldfabric:sldfabric|                                                                            ; 96 (0)              ; 82 (0)                    ; 0                 ; 0          ; 0    ; 0            ; |top|sld_hub:auto_hub|alt_sld_fab_with_jtag_input:\instrumentation_fabric_with_node_gen:fabric_gen_new_way:with_jtag_input_gen:instrumentation_fabric|alt_sld_fab:instrumentation_fabric|alt_sld_fab_alt_sld_fab:alt_sld_fab|alt_sld_fab_alt_sld_fab_sldfabric:sldfabric                                                                        ; alt_sld_fab_alt_sld_fab_sldfabric ; alt_sld_fab  ;
;                   |sld_jtag_hub:\jtag_hub_gen:real_sld_jtag_hub|                                                                        ; 96 (64)             ; 82 (54)                   ; 0                 ; 0          ; 0    ; 0            ; |top|sld_hub:auto_hub|alt_sld_fab_with_jtag_input:\instrumentation_fabric_with_node_gen:fabric_gen_new_way:with_jtag_input_gen:instrumentation_fabric|alt_sld_fab:instrumentation_fabric|alt_sld_fab_alt_sld_fab:alt_sld_fab|alt_sld_fab_alt_sld_fab_sldfabric:sldfabric|sld_jtag_hub:\jtag_hub_gen:real_sld_jtag_hub                           ; sld_jtag_hub                      ; work         ;
;                      |sld_rom_sr:hub_info_reg|                                                                                          ; 14 (14)             ; 9 (9)                     ; 0                 ; 0          ; 0    ; 0            ; |top|sld_hub:auto_hub|alt_sld_fab_with_jtag_input:\instrumentation_fabric_with_node_gen:fabric_gen_new_way:with_jtag_input_gen:instrumentation_fabric|alt_sld_fab:instrumentation_fabric|alt_sld_fab_alt_sld_fab:alt_sld_fab|alt_sld_fab_alt_sld_fab_sldfabric:sldfabric|sld_jtag_hub:\jtag_hub_gen:real_sld_jtag_hub|sld_rom_sr:hub_info_reg   ; sld_rom_sr                        ; work         ;
;                      |sld_shadow_jsm:shadow_jsm|                                                                                        ; 18 (18)             ; 19 (19)                   ; 0                 ; 0          ; 0    ; 0            ; |top|sld_hub:auto_hub|alt_sld_fab_with_jtag_input:\instrumentation_fabric_with_node_gen:fabric_gen_new_way:with_jtag_input_gen:instrumentation_fabric|alt_sld_fab:instrumentation_fabric|alt_sld_fab_alt_sld_fab:alt_sld_fab|alt_sld_fab_alt_sld_fab_sldfabric:sldfabric|sld_jtag_hub:\jtag_hub_gen:real_sld_jtag_hub|sld_shadow_jsm:shadow_jsm ; sld_shadow_jsm                    ; altera_sld   ;
+-----------------------------------------------------------------------------------------------------------------------------------------+---------------------+---------------------------+-------------------+------------+------+--------------+-------------------------------------------------------------------------------------------------------------------------------------------------------------------------------------------------------------------------------------------------------------------------------------------------------------------------------------------------+-----------------------------------+--------------+
Note: For table entries with two numbers listed, the numbers in parentheses indicate the number of resources of the given type used by the specific entity alone. The numbers listed outside of parentheses indicate the total resources of the given type used by the specific entity and all of its sub-entities in the hierarchy.


+-------------------------------------------------------------------------------------------------------------------------------------------------------------------------------------------------------------------------------------------+
; Analysis & Synthesis RAM Summary                                                                                                                                                                                                          ;
+--------------------------------------------------------------------------------------------------------------------------+------+----------------+--------------+--------------+--------------+--------------+------+---------------------+
; Name                                                                                                                     ; Type ; Mode           ; Port A Depth ; Port A Width ; Port B Depth ; Port B Width ; Size ; MIF                 ;
+--------------------------------------------------------------------------------------------------------------------------+------+----------------+--------------+--------------+--------------+--------------+------+---------------------+
; blink_rom:rom_inst|altsyncram:altsyncram_component|altsyncram_e444:auto_generated|altsyncram_jh43:altsyncram1|ALTSYNCRAM ; AUTO ; True Dual Port ; 32           ; 12           ; 32           ; 12           ; 384  ; ./src/rom/blink.mif ;
+--------------------------------------------------------------------------------------------------------------------------+------+----------------+--------------+--------------+--------------+--------------+------+---------------------+


+-----------------------------------------------+
; Analysis & Synthesis DSP Block Usage Summary  ;
+---------------------------------+-------------+
; Statistic                       ; Number Used ;
+---------------------------------+-------------+
; Independent 9x9                 ; 1           ;
; Total number of DSP blocks      ; 1           ;
;                                 ;             ;
; Fixed Point Unsigned Multiplier ; 1           ;
+---------------------------------+-------------+


+------------------------------------------------------------------------------------------------------------------------------------------------------------------------------------------------------------------------------------------------------------------------------------------------------------------------------------------------------------+
; Analysis & Synthesis IP Cores Summary                                                                                                                                                                                                                                                                                                                      ;
+--------+--------------+---------+--------------+--------------+--------------------------------------------------------------------------------------------------------------------------------------------------------------------------------------------------------------------------------------------------------------------------+-----------------+
; Vendor ; IP Core Name ; Version ; Release Date ; License Type ; Entity Instance                                                                                                                                                                                                                                                          ; IP Include File ;
+--------+--------------+---------+--------------+--------------+--------------------------------------------------------------------------------------------------------------------------------------------------------------------------------------------------------------------------------------------------------------------------+-----------------+
; Altera ; Signal Tap   ; N/A     ; N/A          ; Licensed     ; |top|sld_hub:auto_hub|alt_sld_fab_with_jtag_input:\instrumentation_fabric_with_node_gen:fabric_gen_new_way:with_jtag_input_gen:instrumentation_fabric|alt_sld_fab:instrumentation_fabric                                                                                 ;                 ;
; Altera ; Signal Tap   ; N/A     ; N/A          ; Licensed     ; |top|sld_hub:auto_hub|alt_sld_fab_with_jtag_input:\instrumentation_fabric_with_node_gen:fabric_gen_new_way:with_jtag_input_gen:instrumentation_fabric|alt_sld_fab:instrumentation_fabric|alt_sld_fab_alt_sld_fab:alt_sld_fab                                             ;                 ;
; Altera ; Signal Tap   ; N/A     ; N/A          ; Licensed     ; |top|sld_hub:auto_hub|alt_sld_fab_with_jtag_input:\instrumentation_fabric_with_node_gen:fabric_gen_new_way:with_jtag_input_gen:instrumentation_fabric|alt_sld_fab:instrumentation_fabric|alt_sld_fab_alt_sld_fab:alt_sld_fab|alt_sld_fab_alt_sld_fab_presplit:presplit   ;                 ;
; Altera ; Signal Tap   ; N/A     ; N/A          ; Licensed     ; |top|sld_hub:auto_hub|alt_sld_fab_with_jtag_input:\instrumentation_fabric_with_node_gen:fabric_gen_new_way:with_jtag_input_gen:instrumentation_fabric|alt_sld_fab:instrumentation_fabric|alt_sld_fab_alt_sld_fab:alt_sld_fab|alt_sld_fab_alt_sld_fab_sldfabric:sldfabric ;                 ;
; Altera ; Signal Tap   ; N/A     ; N/A          ; Licensed     ; |top|sld_hub:auto_hub|alt_sld_fab_with_jtag_input:\instrumentation_fabric_with_node_gen:fabric_gen_new_way:with_jtag_input_gen:instrumentation_fabric|alt_sld_fab:instrumentation_fabric|alt_sld_fab_alt_sld_fab:alt_sld_fab|alt_sld_fab_alt_sld_fab_splitter:splitter   ;                 ;
; Altera ; ROM: 1-PORT  ; 18.1    ; N/A          ; N/A          ; |top|blink_rom:rom_inst                                                                                                                                                                                                                                                  ; blink_rom.vhd   ;
+--------+--------------+---------+--------------+--------------+--------------------------------------------------------------------------------------------------------------------------------------------------------------------------------------------------------------------------------------------------------------------------+-----------------+


Encoding Type:  One-Hot
+----------------------------------------------------------------+
; State Machine - |top|cur_st                                    ;
+----------------+----------------+----------------+-------------+
; Name           ; cur_st.ZERO_ST ; cur_st.READ_ST ; cur_st.IDLE ;
+----------------+----------------+----------------+-------------+
; cur_st.IDLE    ; 0              ; 0              ; 0           ;
; cur_st.READ_ST ; 0              ; 1              ; 1           ;
; cur_st.ZERO_ST ; 1              ; 0              ; 1           ;
+----------------+----------------+----------------+-------------+


Encoding Type:  One-Hot
+-----------------------------------------------------------------------------------------------------------------+
; State Machine - |top|addr_ctrl:ctrl_mem|cur_st                                                                  ;
+-----------------+-------------+---------------+----------------+----------------+-----------------+-------------+
; Name            ; cur_st.HOLD ; cur_st.READ_S ; cur_st.WRITE_S ; cur_st.WRITE_W ; cur_st.WR_NO_OP ; cur_st.IDLE ;
+-----------------+-------------+---------------+----------------+----------------+-----------------+-------------+
; cur_st.IDLE     ; 0           ; 0             ; 0              ; 0              ; 0               ; 0           ;
; cur_st.WR_NO_OP ; 0           ; 0             ; 0              ; 0              ; 1               ; 1           ;
; cur_st.WRITE_W  ; 0           ; 0             ; 0              ; 1              ; 0               ; 1           ;
; cur_st.WRITE_S  ; 0           ; 0             ; 1              ; 0              ; 0               ; 1           ;
; cur_st.READ_S   ; 0           ; 1             ; 0              ; 0              ; 0               ; 1           ;
; cur_st.HOLD     ; 1           ; 0             ; 0              ; 0              ; 0               ; 1           ;
+-----------------+-------------+---------------+----------------+----------------+-----------------+-------------+


+------------------------------------------------------------------------------------------------------------+
; User-Specified and Inferred Latches                                                                        ;
+----------------------------------------------------+------------------------------+------------------------+
; Latch Name                                         ; Latch Enable Signal          ; Free of Timing Hazards ;
+----------------------------------------------------+------------------------------+------------------------+
; addr_ctrl:ctrl_mem|nxt_st.IDLE_223                 ; addr_ctrl:ctrl_mem|Selector9 ; yes                    ;
; addr_ctrl:ctrl_mem|nxt_st.READ_S_179               ; addr_ctrl:ctrl_mem|Selector9 ; yes                    ;
; addr_ctrl:ctrl_mem|nxt_st.WR_NO_OP_212             ; addr_ctrl:ctrl_mem|Selector9 ; yes                    ;
; addr_ctrl:ctrl_mem|nxt_st.WRITE_W_201              ; addr_ctrl:ctrl_mem|Selector9 ; yes                    ;
; addr_ctrl:ctrl_mem|nxt_st.WRITE_S_190              ; addr_ctrl:ctrl_mem|Selector9 ; yes                    ;
; addr_ctrl:ctrl_mem|nxt_st.HOLD_168                 ; addr_ctrl:ctrl_mem|Selector9 ; yes                    ;
; nxt_st.READ_ST_207                                 ; GND                          ; yes                    ;
; nxt_st.IDLE_218                                    ; Selector2                    ; yes                    ;
; nxt_st.ZERO_ST_199                                 ; Selector2                    ; yes                    ;
; Number of user-specified and inferred latches = 9  ;                              ;                        ;
+----------------------------------------------------+------------------------------+------------------------+
Note: All latches listed above may not be present at the end of synthesis due to various synthesis optimizations.


+---------------------------------------------------------------------------------+
; Registers Removed During Synthesis                                              ;
+---------------------------------------+-----------------------------------------+
; Register name                         ; Reason for Removal                      ;
+---------------------------------------+-----------------------------------------+
; addr_ctrl:ctrl_mem|ADDR[1]            ; Stuck at GND due to stuck port data_in  ;
; addr_ctrl:ctrl_mem|cur_st.WR_NO_OP    ; Merged with addr_ctrl:ctrl_mem|STATE[1] ;
; addr_ctrl:ctrl_mem|cur_st.WRITE_W     ; Merged with addr_ctrl:ctrl_mem|STATE[2] ;
; addr_ctrl:ctrl_mem|cur_st.WRITE_S     ; Merged with addr_ctrl:ctrl_mem|STATE[3] ;
; addr_ctrl:ctrl_mem|cur_st.HOLD        ; Merged with addr_ctrl:ctrl_mem|STATE[4] ;
; Total Number of Removed Registers = 5 ;                                         ;
+---------------------------------------+-----------------------------------------+


+------------------------------------------------------+
; General Register Statistics                          ;
+----------------------------------------------+-------+
; Statistic                                    ; Value ;
+----------------------------------------------+-------+
; Total registers                              ; 176   ;
; Number of registers using Synchronous Clear  ; 7     ;
; Number of registers using Synchronous Load   ; 21    ;
; Number of registers using Asynchronous Clear ; 95    ;
; Number of registers using Asynchronous Load  ; 0     ;
; Number of registers using Clock Enable       ; 122   ;
; Number of registers using Preset             ; 0     ;
+----------------------------------------------+-------+


+-------------------------------------------------------------------------------------------------------------------------------------------------------------------------------------------------------------------------------------------------------------------------------------------------------------------------------------------+
; Inverted Register Statistics                                                                                                                                                                                                                                                                                                              ;
+---------------------------------------------------------------------------------------------------------------------------------------------------------------------------------------------------------------------------------------------------------------------------------------------------------------------------------+---------+
; Inverted Register                                                                                                                                                                                                                                                                                                               ; Fan out ;
+---------------------------------------------------------------------------------------------------------------------------------------------------------------------------------------------------------------------------------------------------------------------------------------------------------------------------------+---------+
; rising_edge_synchronizer:exec_sync|input_zz                                                                                                                                                                                                                                                                                     ; 2       ;
; rising_edge_synchronizer:exec_sync|input_zzz                                                                                                                                                                                                                                                                                    ; 1       ;
; rising_edge_synchronizer:exec_sync|input_z                                                                                                                                                                                                                                                                                      ; 1       ;
; sld_hub:auto_hub|alt_sld_fab_with_jtag_input:\instrumentation_fabric_with_node_gen:fabric_gen_new_way:with_jtag_input_gen:instrumentation_fabric|alt_sld_fab:instrumentation_fabric|alt_sld_fab_alt_sld_fab:alt_sld_fab|alt_sld_fab_alt_sld_fab_sldfabric:sldfabric|sld_jtag_hub:\jtag_hub_gen:real_sld_jtag_hub|jtag_ir_reg[1] ; 3       ;
; sld_hub:auto_hub|alt_sld_fab_with_jtag_input:\instrumentation_fabric_with_node_gen:fabric_gen_new_way:with_jtag_input_gen:instrumentation_fabric|alt_sld_fab:instrumentation_fabric|alt_sld_fab_alt_sld_fab:alt_sld_fab|alt_sld_fab_alt_sld_fab_sldfabric:sldfabric|sld_jtag_hub:\jtag_hub_gen:real_sld_jtag_hub|jtag_ir_reg[2] ; 3       ;
; Total number of inverted registers = 5                                                                                                                                                                                                                                                                                          ;         ;
+---------------------------------------------------------------------------------------------------------------------------------------------------------------------------------------------------------------------------------------------------------------------------------------------------------------------------------+---------+


+------------------------------------------------------------------------------------------------------------------------------------------------------------------------------------------------------------------------------------------------------------------------------------------------------+
; Multiplexer Restructuring Statistics (Restructuring Performed)                                                                                                                                                                                                                                       ;
+--------------------+-----------+---------------+----------------------+------------------------+------------+----------------------------------------------------------------------------------------------------------------------------------------------------------------------------------------+
; Multiplexer Inputs ; Bus Width ; Baseline Area ; Area if Restructured ; Saving if Restructured ; Registered ; Example Multiplexer Output                                                                                                                                                             ;
+--------------------+-----------+---------------+----------------------+------------------------+------------+----------------------------------------------------------------------------------------------------------------------------------------------------------------------------------------+
; 3:1                ; 12 bits   ; 24 LEs        ; 0 LEs                ; 24 LEs                 ; Yes        ; |top|blink_rom:rom_inst|altsyncram:altsyncram_component|altsyncram_e444:auto_generated|sld_mod_ram_rom:mgl_prim2|ram_rom_data_reg[6]                                                   ;
; 3:1                ; 4 bits    ; 8 LEs         ; 4 LEs                ; 4 LEs                  ; Yes        ; |top|blink_rom:rom_inst|altsyncram:altsyncram_component|altsyncram_e444:auto_generated|sld_mod_ram_rom:mgl_prim2|ram_rom_data_shift_cntr_reg[1]                                        ;
; 3:1                ; 5 bits    ; 10 LEs        ; 5 LEs                ; 5 LEs                  ; Yes        ; |top|blink_rom:rom_inst|altsyncram:altsyncram_component|altsyncram_e444:auto_generated|sld_mod_ram_rom:mgl_prim2|ram_rom_addr_reg[1]                                                   ;
; 4:1                ; 8 bits    ; 16 LEs        ; 16 LEs               ; 0 LEs                  ; Yes        ; |top|alu:math_alu|result[6]                                                                                                                                                            ;
; 4:1                ; 4 bits    ; 8 LEs         ; 8 LEs                ; 0 LEs                  ; Yes        ; |top|blink_rom:rom_inst|altsyncram:altsyncram_component|altsyncram_e444:auto_generated|sld_mod_ram_rom:mgl_prim2|sld_rom_sr:\ram_rom_logic_gen:no_name_gen:info_rom_sr|word_counter[0] ;
; 18:1               ; 4 bits    ; 48 LEs        ; 32 LEs               ; 16 LEs                 ; Yes        ; |top|blink_rom:rom_inst|altsyncram:altsyncram_component|altsyncram_e444:auto_generated|sld_mod_ram_rom:mgl_prim2|sld_rom_sr:\ram_rom_logic_gen:no_name_gen:info_rom_sr|WORD_SR[3]      ;
; 3:1                ; 8 bits    ; 16 LEs        ; 8 LEs                ; 8 LEs                  ; Yes        ; |top|memory:ram_mem|RAM[0][4]                                                                                                                                                          ;
; 3:1                ; 8 bits    ; 16 LEs        ; 8 LEs                ; 8 LEs                  ; Yes        ; |top|memory:ram_mem|RAM[1][7]                                                                                                                                                          ;
+--------------------+-----------+---------------+----------------------+------------------------+------------+----------------------------------------------------------------------------------------------------------------------------------------------------------------------------------------+


+--------------------------------------------------------------------------------------------------------------------------------------+
; Source assignments for blink_rom:rom_inst|altsyncram:altsyncram_component|altsyncram_e444:auto_generated|altsyncram_jh43:altsyncram1 ;
+---------------------------------+--------------------+------+------------------------------------------------------------------------+
; Assignment                      ; Value              ; From ; To                                                                     ;
+---------------------------------+--------------------+------+------------------------------------------------------------------------+
; OPTIMIZE_POWER_DURING_SYNTHESIS ; NORMAL_COMPILATION ; -    ; -                                                                      ;
+---------------------------------+--------------------+------+------------------------------------------------------------------------+


+---------------------------------------------------------------------+
; Parameter Settings for User Entity Instance: Top-level Entity: |top ;
+----------------+-------+--------------------------------------------+
; Parameter Name ; Value ; Type                                       ;
+----------------+-------+--------------------------------------------+
; bits           ; 8     ; Signed Integer                             ;
+----------------+-------+--------------------------------------------+
Note: In order to hide this table in the UI and the text report file, please set the "Show Parameter Settings in Synthesis Report" option in "Analysis and Synthesis Settings -> More Settings" to "Off".


+-------------------------------------------------------------+
; Parameter Settings for User Entity Instance: memory:ram_mem ;
+----------------+-------+------------------------------------+
; Parameter Name ; Value ; Type                               ;
+----------------+-------+------------------------------------+
; addr_width     ; 2     ; Signed Integer                     ;
; data_width     ; 8     ; Signed Integer                     ;
+----------------+-------+------------------------------------+
Note: In order to hide this table in the UI and the text report file, please set the "Show Parameter Settings in Synthesis Report" option in "Analysis and Synthesis Settings -> More Settings" to "Off".


+-------------------------------------------------------------------------+
; Parameter Settings for User Entity Instance: seven_segment_full:display ;
+----------------+-------+------------------------------------------------+
; Parameter Name ; Value ; Type                                           ;
+----------------+-------+------------------------------------------------+
; bits           ; 8     ; Signed Integer                                 ;
+----------------+-------+------------------------------------------------+
Note: In order to hide this table in the UI and the text report file, please set the "Show Parameter Settings in Synthesis Report" option in "Analysis and Synthesis Settings -> More Settings" to "Off".


+-------------------------------------------------------------------------------------------------+
; Parameter Settings for User Entity Instance: blink_rom:rom_inst|altsyncram:altsyncram_component ;
+------------------------------------+----------------------+-------------------------------------+
; Parameter Name                     ; Value                ; Type                                ;
+------------------------------------+----------------------+-------------------------------------+
; BYTE_SIZE_BLOCK                    ; 8                    ; Untyped                             ;
; AUTO_CARRY_CHAINS                  ; ON                   ; AUTO_CARRY                          ;
; IGNORE_CARRY_BUFFERS               ; OFF                  ; IGNORE_CARRY                        ;
; AUTO_CASCADE_CHAINS                ; ON                   ; AUTO_CASCADE                        ;
; IGNORE_CASCADE_BUFFERS             ; OFF                  ; IGNORE_CASCADE                      ;
; WIDTH_BYTEENA                      ; 1                    ; Untyped                             ;
; OPERATION_MODE                     ; ROM                  ; Untyped                             ;
; WIDTH_A                            ; 12                   ; Signed Integer                      ;
; WIDTHAD_A                          ; 5                    ; Signed Integer                      ;
; NUMWORDS_A                         ; 32                   ; Signed Integer                      ;
; OUTDATA_REG_A                      ; CLOCK0               ; Untyped                             ;
; ADDRESS_ACLR_A                     ; NONE                 ; Untyped                             ;
; OUTDATA_ACLR_A                     ; NONE                 ; Untyped                             ;
; WRCONTROL_ACLR_A                   ; NONE                 ; Untyped                             ;
; INDATA_ACLR_A                      ; NONE                 ; Untyped                             ;
; BYTEENA_ACLR_A                     ; NONE                 ; Untyped                             ;
; WIDTH_B                            ; 1                    ; Signed Integer                      ;
; WIDTHAD_B                          ; 1                    ; Signed Integer                      ;
; NUMWORDS_B                         ; 0                    ; Signed Integer                      ;
; INDATA_REG_B                       ; CLOCK1               ; Untyped                             ;
; WRCONTROL_WRADDRESS_REG_B          ; CLOCK1               ; Untyped                             ;
; RDCONTROL_REG_B                    ; CLOCK1               ; Untyped                             ;
; ADDRESS_REG_B                      ; CLOCK1               ; Untyped                             ;
; OUTDATA_REG_B                      ; UNREGISTERED         ; Untyped                             ;
; BYTEENA_REG_B                      ; CLOCK1               ; Untyped                             ;
; INDATA_ACLR_B                      ; NONE                 ; Untyped                             ;
; WRCONTROL_ACLR_B                   ; NONE                 ; Untyped                             ;
; ADDRESS_ACLR_B                     ; NONE                 ; Untyped                             ;
; OUTDATA_ACLR_B                     ; NONE                 ; Untyped                             ;
; RDCONTROL_ACLR_B                   ; NONE                 ; Untyped                             ;
; BYTEENA_ACLR_B                     ; NONE                 ; Untyped                             ;
; WIDTH_BYTEENA_A                    ; 1                    ; Signed Integer                      ;
; WIDTH_BYTEENA_B                    ; 1                    ; Signed Integer                      ;
; RAM_BLOCK_TYPE                     ; AUTO                 ; Untyped                             ;
; BYTE_SIZE                          ; 8                    ; Signed Integer                      ;
; READ_DURING_WRITE_MODE_MIXED_PORTS ; DONT_CARE            ; Untyped                             ;
; READ_DURING_WRITE_MODE_PORT_A      ; NEW_DATA_NO_NBE_READ ; Untyped                             ;
; READ_DURING_WRITE_MODE_PORT_B      ; NEW_DATA_NO_NBE_READ ; Untyped                             ;
; INIT_FILE                          ; ./src/rom/blink.mif  ; Untyped                             ;
; INIT_FILE_LAYOUT                   ; PORT_A               ; Untyped                             ;
; MAXIMUM_DEPTH                      ; 0                    ; Signed Integer                      ;
; CLOCK_ENABLE_INPUT_A               ; BYPASS               ; Untyped                             ;
; CLOCK_ENABLE_INPUT_B               ; NORMAL               ; Untyped                             ;
; CLOCK_ENABLE_OUTPUT_A              ; BYPASS               ; Untyped                             ;
; CLOCK_ENABLE_OUTPUT_B              ; NORMAL               ; Untyped                             ;
; CLOCK_ENABLE_CORE_A                ; USE_INPUT_CLKEN      ; Untyped                             ;
; CLOCK_ENABLE_CORE_B                ; USE_INPUT_CLKEN      ; Untyped                             ;
; ENABLE_ECC                         ; FALSE                ; Untyped                             ;
; ECC_PIPELINE_STAGE_ENABLED         ; FALSE                ; Untyped                             ;
; WIDTH_ECCSTATUS                    ; 3                    ; Signed Integer                      ;
; DEVICE_FAMILY                      ; Cyclone V            ; Untyped                             ;
; CBXI_PARAMETER                     ; altsyncram_e444      ; Untyped                             ;
+------------------------------------+----------------------+-------------------------------------+
Note: In order to hide this table in the UI and the text report file, please set the "Show Parameter Settings in Synthesis Report" option in "Analysis and Synthesis Settings -> More Settings" to "Off".


+---------------------------------------------------------------------------------------------+
; Parameter Settings for Inferred Entity Instance: seven_segment_full:display|lpm_divide:Mod1 ;
+------------------------+----------------+---------------------------------------------------+
; Parameter Name         ; Value          ; Type                                              ;
+------------------------+----------------+---------------------------------------------------+
; LPM_WIDTHN             ; 9              ; Untyped                                           ;
; LPM_WIDTHD             ; 9              ; Untyped                                           ;
; LPM_NREPRESENTATION    ; UNSIGNED       ; Untyped                                           ;
; LPM_DREPRESENTATION    ; UNSIGNED       ; Untyped                                           ;
; LPM_PIPELINE           ; 0              ; Untyped                                           ;
; LPM_REMAINDERPOSITIVE  ; TRUE           ; Untyped                                           ;
; MAXIMIZE_SPEED         ; 5              ; Untyped                                           ;
; CBXI_PARAMETER         ; lpm_divide_e2m ; Untyped                                           ;
; CARRY_CHAIN            ; MANUAL         ; Untyped                                           ;
; OPTIMIZE_FOR_SPEED     ; 5              ; Untyped                                           ;
; AUTO_CARRY_CHAINS      ; ON             ; AUTO_CARRY                                        ;
; IGNORE_CARRY_BUFFERS   ; OFF            ; IGNORE_CARRY                                      ;
; AUTO_CASCADE_CHAINS    ; ON             ; AUTO_CASCADE                                      ;
; IGNORE_CASCADE_BUFFERS ; OFF            ; IGNORE_CASCADE                                    ;
+------------------------+----------------+---------------------------------------------------+
Note: In order to hide this table in the UI and the text report file, please set the "Show Parameter Settings in Synthesis Report" option in "Analysis and Synthesis Settings -> More Settings" to "Off".


+---------------------------------------------------------------------------------------------+
; Parameter Settings for Inferred Entity Instance: seven_segment_full:display|lpm_divide:Div1 ;
+------------------------+----------------+---------------------------------------------------+
; Parameter Name         ; Value          ; Type                                              ;
+------------------------+----------------+---------------------------------------------------+
; LPM_WIDTHN             ; 9              ; Untyped                                           ;
; LPM_WIDTHD             ; 4              ; Untyped                                           ;
; LPM_NREPRESENTATION    ; UNSIGNED       ; Untyped                                           ;
; LPM_DREPRESENTATION    ; UNSIGNED       ; Untyped                                           ;
; LPM_PIPELINE           ; 0              ; Untyped                                           ;
; LPM_REMAINDERPOSITIVE  ; TRUE           ; Untyped                                           ;
; MAXIMIZE_SPEED         ; 5              ; Untyped                                           ;
; CBXI_PARAMETER         ; lpm_divide_6am ; Untyped                                           ;
; CARRY_CHAIN            ; MANUAL         ; Untyped                                           ;
; OPTIMIZE_FOR_SPEED     ; 5              ; Untyped                                           ;
; AUTO_CARRY_CHAINS      ; ON             ; AUTO_CARRY                                        ;
; IGNORE_CARRY_BUFFERS   ; OFF            ; IGNORE_CARRY                                      ;
; AUTO_CASCADE_CHAINS    ; ON             ; AUTO_CASCADE                                      ;
; IGNORE_CASCADE_BUFFERS ; OFF            ; IGNORE_CASCADE                                    ;
+------------------------+----------------+---------------------------------------------------+
Note: In order to hide this table in the UI and the text report file, please set the "Show Parameter Settings in Synthesis Report" option in "Analysis and Synthesis Settings -> More Settings" to "Off".


+---------------------------------------------------------------------------------------------+
; Parameter Settings for Inferred Entity Instance: seven_segment_full:display|lpm_divide:Mod0 ;
+------------------------+----------------+---------------------------------------------------+
; Parameter Name         ; Value          ; Type                                              ;
+------------------------+----------------+---------------------------------------------------+
; LPM_WIDTHN             ; 9              ; Untyped                                           ;
; LPM_WIDTHD             ; 9              ; Untyped                                           ;
; LPM_NREPRESENTATION    ; UNSIGNED       ; Untyped                                           ;
; LPM_DREPRESENTATION    ; UNSIGNED       ; Untyped                                           ;
; LPM_PIPELINE           ; 0              ; Untyped                                           ;
; LPM_REMAINDERPOSITIVE  ; TRUE           ; Untyped                                           ;
; MAXIMIZE_SPEED         ; 5              ; Untyped                                           ;
; CBXI_PARAMETER         ; lpm_divide_e2m ; Untyped                                           ;
; CARRY_CHAIN            ; MANUAL         ; Untyped                                           ;
; OPTIMIZE_FOR_SPEED     ; 5              ; Untyped                                           ;
; AUTO_CARRY_CHAINS      ; ON             ; AUTO_CARRY                                        ;
; IGNORE_CARRY_BUFFERS   ; OFF            ; IGNORE_CARRY                                      ;
; AUTO_CASCADE_CHAINS    ; ON             ; AUTO_CASCADE                                      ;
; IGNORE_CASCADE_BUFFERS ; OFF            ; IGNORE_CASCADE                                    ;
+------------------------+----------------+---------------------------------------------------+
Note: In order to hide this table in the UI and the text report file, please set the "Show Parameter Settings in Synthesis Report" option in "Analysis and Synthesis Settings -> More Settings" to "Off".


+---------------------------------------------------------------------------------------------+
; Parameter Settings for Inferred Entity Instance: seven_segment_full:display|lpm_divide:Div0 ;
+------------------------+----------------+---------------------------------------------------+
; Parameter Name         ; Value          ; Type                                              ;
+------------------------+----------------+---------------------------------------------------+
; LPM_WIDTHN             ; 9              ; Untyped                                           ;
; LPM_WIDTHD             ; 7              ; Untyped                                           ;
; LPM_NREPRESENTATION    ; UNSIGNED       ; Untyped                                           ;
; LPM_DREPRESENTATION    ; UNSIGNED       ; Untyped                                           ;
; LPM_PIPELINE           ; 0              ; Untyped                                           ;
; LPM_REMAINDERPOSITIVE  ; TRUE           ; Untyped                                           ;
; MAXIMIZE_SPEED         ; 5              ; Untyped                                           ;
; CBXI_PARAMETER         ; lpm_divide_9am ; Untyped                                           ;
; CARRY_CHAIN            ; MANUAL         ; Untyped                                           ;
; OPTIMIZE_FOR_SPEED     ; 5              ; Untyped                                           ;
; AUTO_CARRY_CHAINS      ; ON             ; AUTO_CARRY                                        ;
; IGNORE_CARRY_BUFFERS   ; OFF            ; IGNORE_CARRY                                      ;
; AUTO_CASCADE_CHAINS    ; ON             ; AUTO_CASCADE                                      ;
; IGNORE_CASCADE_BUFFERS ; OFF            ; IGNORE_CASCADE                                    ;
+------------------------+----------------+---------------------------------------------------+
Note: In order to hide this table in the UI and the text report file, please set the "Show Parameter Settings in Synthesis Report" option in "Analysis and Synthesis Settings -> More Settings" to "Off".


+-------------------------------------------------------------------------------+
; Parameter Settings for Inferred Entity Instance: alu:math_alu|lpm_divide:Div0 ;
+------------------------+----------------+-------------------------------------+
; Parameter Name         ; Value          ; Type                                ;
+------------------------+----------------+-------------------------------------+
; LPM_WIDTHN             ; 8              ; Untyped                             ;
; LPM_WIDTHD             ; 8              ; Untyped                             ;
; LPM_NREPRESENTATION    ; UNSIGNED       ; Untyped                             ;
; LPM_DREPRESENTATION    ; UNSIGNED       ; Untyped                             ;
; LPM_PIPELINE           ; 0              ; Untyped                             ;
; LPM_REMAINDERPOSITIVE  ; TRUE           ; Untyped                             ;
; MAXIMIZE_SPEED         ; 5              ; Untyped                             ;
; CBXI_PARAMETER         ; lpm_divide_aam ; Untyped                             ;
; CARRY_CHAIN            ; MANUAL         ; Untyped                             ;
; OPTIMIZE_FOR_SPEED     ; 5              ; Untyped                             ;
; AUTO_CARRY_CHAINS      ; ON             ; AUTO_CARRY                          ;
; IGNORE_CARRY_BUFFERS   ; OFF            ; IGNORE_CARRY                        ;
; AUTO_CASCADE_CHAINS    ; ON             ; AUTO_CASCADE                        ;
; IGNORE_CASCADE_BUFFERS ; OFF            ; IGNORE_CASCADE                      ;
+------------------------+----------------+-------------------------------------+
Note: In order to hide this table in the UI and the text report file, please set the "Show Parameter Settings in Synthesis Report" option in "Analysis and Synthesis Settings -> More Settings" to "Off".


+------------------------------------------------------------------------------------------------+
; altsyncram Parameter Settings by Entity Instance                                               ;
+-------------------------------------------+----------------------------------------------------+
; Name                                      ; Value                                              ;
+-------------------------------------------+----------------------------------------------------+
; Number of entity instances                ; 1                                                  ;
; Entity Instance                           ; blink_rom:rom_inst|altsyncram:altsyncram_component ;
;     -- OPERATION_MODE                     ; ROM                                                ;
;     -- WIDTH_A                            ; 12                                                 ;
;     -- NUMWORDS_A                         ; 32                                                 ;
;     -- OUTDATA_REG_A                      ; CLOCK0                                             ;
;     -- WIDTH_B                            ; 1                                                  ;
;     -- NUMWORDS_B                         ; 0                                                  ;
;     -- ADDRESS_REG_B                      ; CLOCK1                                             ;
;     -- OUTDATA_REG_B                      ; UNREGISTERED                                       ;
;     -- RAM_BLOCK_TYPE                     ; AUTO                                               ;
;     -- READ_DURING_WRITE_MODE_MIXED_PORTS ; DONT_CARE                                          ;
+-------------------------------------------+----------------------------------------------------+


+-----------------------------------------------------------------------------------------------------------------------------------------------+
; In-System Memory Content Editor Settings                                                                                                      ;
+----------------+-------------+-------+-------+------------+-----------------------------------------------------------------------------------+
; Instance Index ; Instance ID ; Width ; Depth ; Mode       ; Hierarchy Location                                                                ;
+----------------+-------------+-------+-------+------------+-----------------------------------------------------------------------------------+
; 0              ; NONE        ; 12    ; 32    ; Read/Write ; blink_rom:rom_inst|altsyncram:altsyncram_component|altsyncram_e444:auto_generated ;
+----------------+-------------+-------+-------+------------+-----------------------------------------------------------------------------------+


+-----------------------------------------------------+
; Post-Synthesis Netlist Statistics for Top Partition ;
+-----------------------+-----------------------------+
; Type                  ; Count                       ;
+-----------------------+-----------------------------+
; arriav_ff             ; 89                          ;
;     CLR               ; 27                          ;
;     ENA               ; 16                          ;
;     ENA CLR           ; 26                          ;
;     ENA CLR SLD       ; 8                           ;
;     ENA SLD           ; 12                          ;
; arriav_lcell_comb     ; 513                         ;
;     arith             ; 187                         ;
;         0 data inputs ; 42                          ;
;         1 data inputs ; 16                          ;
;         2 data inputs ; 17                          ;
;         3 data inputs ; 53                          ;
;         4 data inputs ; 34                          ;
;         5 data inputs ; 25                          ;
;     extend            ; 1                           ;
;         7 data inputs ; 1                           ;
;     normal            ; 292                         ;
;         0 data inputs ; 1                           ;
;         1 data inputs ; 6                           ;
;         2 data inputs ; 77                          ;
;         3 data inputs ; 87                          ;
;         4 data inputs ; 83                          ;
;         5 data inputs ; 23                          ;
;         6 data inputs ; 15                          ;
;     shared            ; 33                          ;
;         0 data inputs ; 13                          ;
;         1 data inputs ; 14                          ;
;         2 data inputs ; 3                           ;
;         4 data inputs ; 3                           ;
; arriav_mac            ; 1                           ;
; boundary_port         ; 56                          ;
; stratixv_ram_block    ; 12                          ;
;                       ;                             ;
; Max LUT depth         ; 15.70                       ;
; Average LUT depth     ; 8.42                        ;
+-----------------------+-----------------------------+


+-------------------------------+
; Elapsed Time Per Partition    ;
+----------------+--------------+
; Partition Name ; Elapsed Time ;
+----------------+--------------+
; Top            ; 00:00:00     ;
+----------------+--------------+


+-------------------------------+
; Analysis & Synthesis Messages ;
+-------------------------------+
Info: *******************************************************************
Info: Running Quartus Prime Analysis & Synthesis
    Info: Version 18.1.0 Build 625 09/12/2018 SJ Lite Edition
    Info: Processing started: Mon Dec 01 13:37:35 2025
Info: Command: quartus_map --read_settings_files=on --write_settings_files=off lab7v3 -c lab7v3
Warning (18236): Number of processors has not been specified which may cause overloading on shared machines.  Set the global assignment NUM_PARALLEL_PROCESSORS in your QSF to an appropriate value for best performance.
Info (20030): Parallel compilation is enabled and will use 14 of the 14 processors detected
Info (12021): Found 2 design units, including 1 entities, in source file src/top.vhd
    Info (12022): Found design unit 1: top-arch File: C:/Users/a9284/Documents/GitHub/CPET-343/Lab7/toPost/lab7 v3/src/top.vhd Line: 24
    Info (12023): Found entity 1: top File: C:/Users/a9284/Documents/GitHub/CPET-343/Lab7/toPost/lab7 v3/src/top.vhd Line: 9
Info (12021): Found 2 design units, including 1 entities, in source file src/seven_segment_full.vhd
    Info (12022): Found design unit 1: seven_segment_full-beh File: C:/Users/a9284/Documents/GitHub/CPET-343/Lab7/toPost/lab7 v3/src/seven_segment_full.vhd Line: 23
    Info (12023): Found entity 1: seven_segment_full File: C:/Users/a9284/Documents/GitHub/CPET-343/Lab7/toPost/lab7 v3/src/seven_segment_full.vhd Line: 10
Info (12021): Found 2 design units, including 1 entities, in source file src/rising_edge_synchronizer.vhd
    Info (12022): Found design unit 1: rising_edge_synchronizer-beh File: C:/Users/a9284/Documents/GitHub/CPET-343/Lab7/toPost/lab7 v3/src/rising_edge_synchronizer.vhd Line: 17
    Info (12023): Found entity 1: rising_edge_synchronizer File: C:/Users/a9284/Documents/GitHub/CPET-343/Lab7/toPost/lab7 v3/src/rising_edge_synchronizer.vhd Line: 8
Info (12021): Found 2 design units, including 1 entities, in source file src/memory.vhd
    Info (12022): Found design unit 1: memory-beh File: C:/Users/a9284/Documents/GitHub/CPET-343/Lab7/toPost/lab7 v3/src/memory.vhd Line: 23
    Info (12023): Found entity 1: memory File: C:/Users/a9284/Documents/GitHub/CPET-343/Lab7/toPost/lab7 v3/src/memory.vhd Line: 9
Info (12021): Found 2 design units, including 1 entities, in source file src/alu.vhd
    Info (12022): Found design unit 1: alu-beh File: C:/Users/a9284/Documents/GitHub/CPET-343/Lab7/toPost/lab7 v3/src/alu.vhd Line: 21
    Info (12023): Found entity 1: alu File: C:/Users/a9284/Documents/GitHub/CPET-343/Lab7/toPost/lab7 v3/src/alu.vhd Line: 9
Info (12021): Found 2 design units, including 1 entities, in source file src/addr_ctrl.vhd
    Info (12022): Found design unit 1: addr_ctrl-beh File: C:/Users/a9284/Documents/GitHub/CPET-343/Lab7/toPost/lab7 v3/src/addr_ctrl.vhd Line: 24
    Info (12023): Found entity 1: addr_ctrl File: C:/Users/a9284/Documents/GitHub/CPET-343/Lab7/toPost/lab7 v3/src/addr_ctrl.vhd Line: 10
Info (12021): Found 2 design units, including 1 entities, in source file blink_rom.vhd
    Info (12022): Found design unit 1: blink_rom-SYN File: C:/Users/a9284/Documents/GitHub/CPET-343/Lab7/toPost/lab7 v3/blink_rom.vhd Line: 52
    Info (12023): Found entity 1: blink_rom File: C:/Users/a9284/Documents/GitHub/CPET-343/Lab7/toPost/lab7 v3/blink_rom.vhd Line: 42
Info (12127): Elaborating entity "top" for the top level hierarchy
Warning (10631): VHDL Process Statement warning at top.vhd(66): inferring latch(es) for signal or variable "nxt_st", which holds its previous value in one or more paths through the process File: C:/Users/a9284/Documents/GitHub/CPET-343/Lab7/toPost/lab7 v3/src/top.vhd Line: 66
Info (10041): Inferred latch for "nxt_st.ZERO_ST" at top.vhd(66) File: C:/Users/a9284/Documents/GitHub/CPET-343/Lab7/toPost/lab7 v3/src/top.vhd Line: 66
Info (10041): Inferred latch for "nxt_st.READ_ST" at top.vhd(66) File: C:/Users/a9284/Documents/GitHub/CPET-343/Lab7/toPost/lab7 v3/src/top.vhd Line: 66
Info (10041): Inferred latch for "nxt_st.IDLE" at top.vhd(66) File: C:/Users/a9284/Documents/GitHub/CPET-343/Lab7/toPost/lab7 v3/src/top.vhd Line: 66
Info (12128): Elaborating entity "rising_edge_synchronizer" for hierarchy "rising_edge_synchronizer:exec_sync" File: C:/Users/a9284/Documents/GitHub/CPET-343/Lab7/toPost/lab7 v3/src/top.vhd Line: 94
Info (12128): Elaborating entity "alu" for hierarchy "alu:math_alu" File: C:/Users/a9284/Documents/GitHub/CPET-343/Lab7/toPost/lab7 v3/src/top.vhd Line: 102
Info (12128): Elaborating entity "memory" for hierarchy "memory:ram_mem" File: C:/Users/a9284/Documents/GitHub/CPET-343/Lab7/toPost/lab7 v3/src/top.vhd Line: 113
Info (12128): Elaborating entity "addr_ctrl" for hierarchy "addr_ctrl:ctrl_mem" File: C:/Users/a9284/Documents/GitHub/CPET-343/Lab7/toPost/lab7 v3/src/top.vhd Line: 128
Warning (10631): VHDL Process Statement warning at addr_ctrl.vhd(53): inferring latch(es) for signal or variable "nxt_st", which holds its previous value in one or more paths through the process File: C:/Users/a9284/Documents/GitHub/CPET-343/Lab7/toPost/lab7 v3/src/addr_ctrl.vhd Line: 53
Info (10041): Inferred latch for "nxt_st.HOLD" at addr_ctrl.vhd(53) File: C:/Users/a9284/Documents/GitHub/CPET-343/Lab7/toPost/lab7 v3/src/addr_ctrl.vhd Line: 53
Info (10041): Inferred latch for "nxt_st.READ_S" at addr_ctrl.vhd(53) File: C:/Users/a9284/Documents/GitHub/CPET-343/Lab7/toPost/lab7 v3/src/addr_ctrl.vhd Line: 53
Info (10041): Inferred latch for "nxt_st.WRITE_S" at addr_ctrl.vhd(53) File: C:/Users/a9284/Documents/GitHub/CPET-343/Lab7/toPost/lab7 v3/src/addr_ctrl.vhd Line: 53
Info (10041): Inferred latch for "nxt_st.WRITE_W" at addr_ctrl.vhd(53) File: C:/Users/a9284/Documents/GitHub/CPET-343/Lab7/toPost/lab7 v3/src/addr_ctrl.vhd Line: 53
Info (10041): Inferred latch for "nxt_st.WR_NO_OP" at addr_ctrl.vhd(53) File: C:/Users/a9284/Documents/GitHub/CPET-343/Lab7/toPost/lab7 v3/src/addr_ctrl.vhd Line: 53
Info (10041): Inferred latch for "nxt_st.IDLE" at addr_ctrl.vhd(53) File: C:/Users/a9284/Documents/GitHub/CPET-343/Lab7/toPost/lab7 v3/src/addr_ctrl.vhd Line: 53
Info (12128): Elaborating entity "seven_segment_full" for hierarchy "seven_segment_full:display" File: C:/Users/a9284/Documents/GitHub/CPET-343/Lab7/toPost/lab7 v3/src/top.vhd Line: 140
Info (12128): Elaborating entity "blink_rom" for hierarchy "blink_rom:rom_inst" File: C:/Users/a9284/Documents/GitHub/CPET-343/Lab7/toPost/lab7 v3/src/top.vhd Line: 152
Info (12128): Elaborating entity "altsyncram" for hierarchy "blink_rom:rom_inst|altsyncram:altsyncram_component" File: C:/Users/a9284/Documents/GitHub/CPET-343/Lab7/toPost/lab7 v3/blink_rom.vhd Line: 59
Info (12130): Elaborated megafunction instantiation "blink_rom:rom_inst|altsyncram:altsyncram_component" File: C:/Users/a9284/Documents/GitHub/CPET-343/Lab7/toPost/lab7 v3/blink_rom.vhd Line: 59
Info (12133): Instantiated megafunction "blink_rom:rom_inst|altsyncram:altsyncram_component" with the following parameter: File: C:/Users/a9284/Documents/GitHub/CPET-343/Lab7/toPost/lab7 v3/blink_rom.vhd Line: 59
    Info (12134): Parameter "address_aclr_a" = "NONE"
    Info (12134): Parameter "address_aclr_b" = "NONE"
    Info (12134): Parameter "address_reg_b" = "CLOCK1"
    Info (12134): Parameter "byte_size" = "8"
    Info (12134): Parameter "byteena_aclr_a" = "UNUSED"
    Info (12134): Parameter "byteena_aclr_b" = "NONE"
    Info (12134): Parameter "byteena_reg_b" = "CLOCK1"
    Info (12134): Parameter "clock_enable_core_a" = "USE_INPUT_CLKEN"
    Info (12134): Parameter "clock_enable_core_b" = "USE_INPUT_CLKEN"
    Info (12134): Parameter "clock_enable_input_a" = "BYPASS"
    Info (12134): Parameter "clock_enable_input_b" = "NORMAL"
    Info (12134): Parameter "clock_enable_output_a" = "BYPASS"
    Info (12134): Parameter "clock_enable_output_b" = "NORMAL"
    Info (12134): Parameter "intended_device_family" = "Cyclone V"
    Info (12134): Parameter "ecc_pipeline_stage_enabled" = "FALSE"
    Info (12134): Parameter "enable_ecc" = "FALSE"
    Info (12134): Parameter "implement_in_les" = "OFF"
    Info (12134): Parameter "indata_aclr_a" = "UNUSED"
    Info (12134): Parameter "indata_aclr_b" = "NONE"
    Info (12134): Parameter "indata_reg_b" = "CLOCK1"
    Info (12134): Parameter "init_file" = "./src/rom/blink.mif"
    Info (12134): Parameter "init_file_layout" = "PORT_A"
    Info (12134): Parameter "maximum_depth" = "0"
    Info (12134): Parameter "numwords_a" = "32"
    Info (12134): Parameter "numwords_b" = "0"
    Info (12134): Parameter "operation_mode" = "ROM"
    Info (12134): Parameter "outdata_aclr_a" = "NONE"
    Info (12134): Parameter "outdata_aclr_b" = "NONE"
    Info (12134): Parameter "outdata_reg_a" = "CLOCK0"
    Info (12134): Parameter "outdata_reg_b" = "UNREGISTERED"
    Info (12134): Parameter "power_up_uninitialized" = "FALSE"
    Info (12134): Parameter "ram_block_type" = "AUTO"
    Info (12134): Parameter "rdcontrol_aclr_b" = "NONE"
    Info (12134): Parameter "rdcontrol_reg_b" = "CLOCK1"
    Info (12134): Parameter "read_during_write_mode_mixed_ports" = "DONT_CARE"
    Info (12134): Parameter "read_during_write_mode_port_a" = "NEW_DATA_NO_NBE_READ"
    Info (12134): Parameter "read_during_write_mode_port_b" = "NEW_DATA_NO_NBE_READ"
    Info (12134): Parameter "stratixiv_m144k_allow_dual_clocks" = "ON"
    Info (12134): Parameter "width_a" = "12"
    Info (12134): Parameter "width_b" = "1"
    Info (12134): Parameter "width_byteena_a" = "1"
    Info (12134): Parameter "width_byteena_b" = "1"
    Info (12134): Parameter "width_eccstatus" = "3"
    Info (12134): Parameter "widthad_a" = "5"
    Info (12134): Parameter "widthad_b" = "1"
    Info (12134): Parameter "wrcontrol_aclr_a" = "UNUSED"
    Info (12134): Parameter "wrcontrol_aclr_b" = "NONE"
    Info (12134): Parameter "wrcontrol_wraddress_reg_b" = "CLOCK1"
    Info (12134): Parameter "lpm_hint" = "ENABLE_RUNTIME_MOD=YES,INSTANCE_NAME=NONE"
    Info (12134): Parameter "lpm_type" = "altsyncram"
Info (12021): Found 1 design units, including 1 entities, in source file db/altsyncram_e444.tdf
    Info (12023): Found entity 1: altsyncram_e444 File: C:/Users/a9284/Documents/GitHub/CPET-343/Lab7/toPost/lab7 v3/db/altsyncram_e444.tdf Line: 27
Info (12128): Elaborating entity "altsyncram_e444" for hierarchy "blink_rom:rom_inst|altsyncram:altsyncram_component|altsyncram_e444:auto_generated" File: c:/intelfpga_lite/18.1/quartus/libraries/megafunctions/altsyncram.tdf Line: 791
Info (12021): Found 1 design units, including 1 entities, in source file db/altsyncram_jh43.tdf
    Info (12023): Found entity 1: altsyncram_jh43 File: C:/Users/a9284/Documents/GitHub/CPET-343/Lab7/toPost/lab7 v3/db/altsyncram_jh43.tdf Line: 27
Info (12128): Elaborating entity "altsyncram_jh43" for hierarchy "blink_rom:rom_inst|altsyncram:altsyncram_component|altsyncram_e444:auto_generated|altsyncram_jh43:altsyncram1" File: C:/Users/a9284/Documents/GitHub/CPET-343/Lab7/toPost/lab7 v3/db/altsyncram_e444.tdf Line: 34
Info (12128): Elaborating entity "sld_mod_ram_rom" for hierarchy "blink_rom:rom_inst|altsyncram:altsyncram_component|altsyncram_e444:auto_generated|sld_mod_ram_rom:mgl_prim2" File: C:/Users/a9284/Documents/GitHub/CPET-343/Lab7/toPost/lab7 v3/db/altsyncram_e444.tdf Line: 35
Info (12130): Elaborated megafunction instantiation "blink_rom:rom_inst|altsyncram:altsyncram_component|altsyncram_e444:auto_generated|sld_mod_ram_rom:mgl_prim2" File: C:/Users/a9284/Documents/GitHub/CPET-343/Lab7/toPost/lab7 v3/db/altsyncram_e444.tdf Line: 35
Info (12133): Instantiated megafunction "blink_rom:rom_inst|altsyncram:altsyncram_component|altsyncram_e444:auto_generated|sld_mod_ram_rom:mgl_prim2" with the following parameter: File: C:/Users/a9284/Documents/GitHub/CPET-343/Lab7/toPost/lab7 v3/db/altsyncram_e444.tdf Line: 35
    Info (12134): Parameter "CVALUE" = "000000000000"
    Info (12134): Parameter "IS_DATA_IN_RAM" = "1"
    Info (12134): Parameter "IS_READABLE" = "1"
    Info (12134): Parameter "NODE_NAME" = "0"
    Info (12134): Parameter "NUMWORDS" = "32"
    Info (12134): Parameter "SHIFT_COUNT_BITS" = "4"
    Info (12134): Parameter "WIDTH_WORD" = "12"
    Info (12134): Parameter "WIDTHAD" = "5"
Info (12128): Elaborating entity "sld_jtag_endpoint_adapter" for hierarchy "blink_rom:rom_inst|altsyncram:altsyncram_component|altsyncram_e444:auto_generated|sld_mod_ram_rom:mgl_prim2|sld_jtag_endpoint_adapter:jtag_signal_adapter" File: c:/intelfpga_lite/18.1/quartus/libraries/megafunctions/sld_mod_ram_rom.vhd Line: 302
Info (12128): Elaborating entity "sld_jtag_endpoint_adapter_impl" for hierarchy "blink_rom:rom_inst|altsyncram:altsyncram_component|altsyncram_e444:auto_generated|sld_mod_ram_rom:mgl_prim2|sld_jtag_endpoint_adapter:jtag_signal_adapter|sld_jtag_endpoint_adapter_impl:sld_jtag_endpoint_adapter_impl_inst" File: c:/intelfpga_lite/18.1/quartus/libraries/megafunctions/sld_jtag_endpoint_adapter.vhd Line: 232
Info (12128): Elaborating entity "sld_rom_sr" for hierarchy "blink_rom:rom_inst|altsyncram:altsyncram_component|altsyncram_e444:auto_generated|sld_mod_ram_rom:mgl_prim2|sld_rom_sr:\ram_rom_logic_gen:no_name_gen:info_rom_sr" File: c:/intelfpga_lite/18.1/quartus/libraries/megafunctions/sld_mod_ram_rom.vhd Line: 799
Info (11170): Starting IP generation for the debug fabric: alt_sld_fab.
Info (11172): 2025.12.01.13:37:45 Progress: Loading sldf8365540/alt_sld_fab_wrapper_hw.tcl
Info (11172): Alt_sld_fab.alt_sld_fab: SLD fabric agents which did not specify prefer_host were connected to JTAG
Info (11172): Alt_sld_fab: Generating alt_sld_fab "alt_sld_fab" for QUARTUS_SYNTH
Info (11172): Alt_sld_fab: "alt_sld_fab" instantiated alt_sld_fab "alt_sld_fab"
Info (11172): Presplit: "alt_sld_fab" instantiated altera_super_splitter "presplit"
Info (11172): Splitter: "alt_sld_fab" instantiated altera_sld_splitter "splitter"
Info (11172): Sldfabric: "alt_sld_fab" instantiated altera_sld_jtag_hub "sldfabric"
Info (11172): Ident: "alt_sld_fab" instantiated altera_connection_identification_hub "ident"
Info (11172): Alt_sld_fab: Done "alt_sld_fab" with 6 modules, 6 files
Info (11171): Finished IP generation for the debug fabric: alt_sld_fab.
Info (12021): Found 1 design units, including 1 entities, in source file db/ip/sldf8365540/alt_sld_fab.v
    Info (12023): Found entity 1: alt_sld_fab File: C:/Users/a9284/Documents/GitHub/CPET-343/Lab7/toPost/lab7 v3/db/ip/sldf8365540/alt_sld_fab.v Line: 9
Info (12021): Found 1 design units, including 1 entities, in source file db/ip/sldf8365540/submodules/alt_sld_fab_alt_sld_fab.v
    Info (12023): Found entity 1: alt_sld_fab_alt_sld_fab File: C:/Users/a9284/Documents/GitHub/CPET-343/Lab7/toPost/lab7 v3/db/ip/sldf8365540/submodules/alt_sld_fab_alt_sld_fab.v Line: 9
Info (12021): Found 1 design units, including 1 entities, in source file db/ip/sldf8365540/submodules/alt_sld_fab_alt_sld_fab_ident.sv
    Info (12023): Found entity 1: alt_sld_fab_alt_sld_fab_ident File: C:/Users/a9284/Documents/GitHub/CPET-343/Lab7/toPost/lab7 v3/db/ip/sldf8365540/submodules/alt_sld_fab_alt_sld_fab_ident.sv Line: 33
Info (12021): Found 1 design units, including 1 entities, in source file db/ip/sldf8365540/submodules/alt_sld_fab_alt_sld_fab_presplit.sv
    Info (12023): Found entity 1: alt_sld_fab_alt_sld_fab_presplit File: C:/Users/a9284/Documents/GitHub/CPET-343/Lab7/toPost/lab7 v3/db/ip/sldf8365540/submodules/alt_sld_fab_alt_sld_fab_presplit.sv Line: 3
Info (12021): Found 2 design units, including 1 entities, in source file db/ip/sldf8365540/submodules/alt_sld_fab_alt_sld_fab_sldfabric.vhd
    Info (12022): Found design unit 1: alt_sld_fab_alt_sld_fab_sldfabric-rtl File: C:/Users/a9284/Documents/GitHub/CPET-343/Lab7/toPost/lab7 v3/db/ip/sldf8365540/submodules/alt_sld_fab_alt_sld_fab_sldfabric.vhd Line: 102
    Info (12023): Found entity 1: alt_sld_fab_alt_sld_fab_sldfabric File: C:/Users/a9284/Documents/GitHub/CPET-343/Lab7/toPost/lab7 v3/db/ip/sldf8365540/submodules/alt_sld_fab_alt_sld_fab_sldfabric.vhd Line: 11
Info (12021): Found 1 design units, including 1 entities, in source file db/ip/sldf8365540/submodules/alt_sld_fab_alt_sld_fab_splitter.sv
    Info (12023): Found entity 1: alt_sld_fab_alt_sld_fab_splitter File: C:/Users/a9284/Documents/GitHub/CPET-343/Lab7/toPost/lab7 v3/db/ip/sldf8365540/submodules/alt_sld_fab_alt_sld_fab_splitter.sv Line: 3
Info (278001): Inferred 5 megafunctions from design logic
    Info (278004): Inferred divider/modulo megafunction ("lpm_divide") from the following logic: "seven_segment_full:display|Mod1" File: C:/Users/a9284/Documents/GitHub/CPET-343/Lab7/toPost/lab7 v3/src/seven_segment_full.vhd Line: 56
    Info (278004): Inferred divider/modulo megafunction ("lpm_divide") from the following logic: "seven_segment_full:display|Div1" File: C:/Users/a9284/Documents/GitHub/CPET-343/Lab7/toPost/lab7 v3/src/seven_segment_full.vhd Line: 55
    Info (278004): Inferred divider/modulo megafunction ("lpm_divide") from the following logic: "seven_segment_full:display|Mod0" File: C:/Users/a9284/Documents/GitHub/CPET-343/Lab7/toPost/lab7 v3/src/seven_segment_full.vhd Line: 55
    Info (278004): Inferred divider/modulo megafunction ("lpm_divide") from the following logic: "seven_segment_full:display|Div0" File: C:/Users/a9284/Documents/GitHub/CPET-343/Lab7/toPost/lab7 v3/src/seven_segment_full.vhd Line: 54
    Info (278004): Inferred divider/modulo megafunction ("lpm_divide") from the following logic: "alu:math_alu|Div0" File: C:/Users/a9284/Documents/GitHub/CPET-343/Lab7/toPost/lab7 v3/src/alu.vhd Line: 37
Info (12130): Elaborated megafunction instantiation "seven_segment_full:display|lpm_divide:Mod1" File: C:/Users/a9284/Documents/GitHub/CPET-343/Lab7/toPost/lab7 v3/src/seven_segment_full.vhd Line: 56
Info (12133): Instantiated megafunction "seven_segment_full:display|lpm_divide:Mod1" with the following parameter: File: C:/Users/a9284/Documents/GitHub/CPET-343/Lab7/toPost/lab7 v3/src/seven_segment_full.vhd Line: 56
    Info (12134): Parameter "LPM_WIDTHN" = "9"
    Info (12134): Parameter "LPM_WIDTHD" = "9"
    Info (12134): Parameter "LPM_NREPRESENTATION" = "UNSIGNED"
    Info (12134): Parameter "LPM_DREPRESENTATION" = "UNSIGNED"
Info (12021): Found 1 design units, including 1 entities, in source file db/lpm_divide_e2m.tdf
    Info (12023): Found entity 1: lpm_divide_e2m File: C:/Users/a9284/Documents/GitHub/CPET-343/Lab7/toPost/lab7 v3/db/lpm_divide_e2m.tdf Line: 24
Info (12021): Found 1 design units, including 1 entities, in source file db/sign_div_unsign_hkh.tdf
    Info (12023): Found entity 1: sign_div_unsign_hkh File: C:/Users/a9284/Documents/GitHub/CPET-343/Lab7/toPost/lab7 v3/db/sign_div_unsign_hkh.tdf Line: 24
Info (12021): Found 1 design units, including 1 entities, in source file db/alt_u_div_8te.tdf
    Info (12023): Found entity 1: alt_u_div_8te File: C:/Users/a9284/Documents/GitHub/CPET-343/Lab7/toPost/lab7 v3/db/alt_u_div_8te.tdf Line: 22
Info (12130): Elaborated megafunction instantiation "seven_segment_full:display|lpm_divide:Div1" File: C:/Users/a9284/Documents/GitHub/CPET-343/Lab7/toPost/lab7 v3/src/seven_segment_full.vhd Line: 55
Info (12133): Instantiated megafunction "seven_segment_full:display|lpm_divide:Div1" with the following parameter: File: C:/Users/a9284/Documents/GitHub/CPET-343/Lab7/toPost/lab7 v3/src/seven_segment_full.vhd Line: 55
    Info (12134): Parameter "LPM_WIDTHN" = "9"
    Info (12134): Parameter "LPM_WIDTHD" = "4"
    Info (12134): Parameter "LPM_NREPRESENTATION" = "UNSIGNED"
    Info (12134): Parameter "LPM_DREPRESENTATION" = "UNSIGNED"
Info (12021): Found 1 design units, including 1 entities, in source file db/lpm_divide_6am.tdf
    Info (12023): Found entity 1: lpm_divide_6am File: C:/Users/a9284/Documents/GitHub/CPET-343/Lab7/toPost/lab7 v3/db/lpm_divide_6am.tdf Line: 24
Info (12021): Found 1 design units, including 1 entities, in source file db/sign_div_unsign_ckh.tdf
    Info (12023): Found entity 1: sign_div_unsign_ckh File: C:/Users/a9284/Documents/GitHub/CPET-343/Lab7/toPost/lab7 v3/db/sign_div_unsign_ckh.tdf Line: 24
Info (12021): Found 1 design units, including 1 entities, in source file db/alt_u_div_use.tdf
    Info (12023): Found entity 1: alt_u_div_use File: C:/Users/a9284/Documents/GitHub/CPET-343/Lab7/toPost/lab7 v3/db/alt_u_div_use.tdf Line: 22
Info (12130): Elaborated megafunction instantiation "seven_segment_full:display|lpm_divide:Mod0" File: C:/Users/a9284/Documents/GitHub/CPET-343/Lab7/toPost/lab7 v3/src/seven_segment_full.vhd Line: 55
Info (12133): Instantiated megafunction "seven_segment_full:display|lpm_divide:Mod0" with the following parameter: File: C:/Users/a9284/Documents/GitHub/CPET-343/Lab7/toPost/lab7 v3/src/seven_segment_full.vhd Line: 55
    Info (12134): Parameter "LPM_WIDTHN" = "9"
    Info (12134): Parameter "LPM_WIDTHD" = "9"
    Info (12134): Parameter "LPM_NREPRESENTATION" = "UNSIGNED"
    Info (12134): Parameter "LPM_DREPRESENTATION" = "UNSIGNED"
Info (12130): Elaborated megafunction instantiation "seven_segment_full:display|lpm_divide:Div0" File: C:/Users/a9284/Documents/GitHub/CPET-343/Lab7/toPost/lab7 v3/src/seven_segment_full.vhd Line: 54
Info (12133): Instantiated megafunction "seven_segment_full:display|lpm_divide:Div0" with the following parameter: File: C:/Users/a9284/Documents/GitHub/CPET-343/Lab7/toPost/lab7 v3/src/seven_segment_full.vhd Line: 54
    Info (12134): Parameter "LPM_WIDTHN" = "9"
    Info (12134): Parameter "LPM_WIDTHD" = "7"
    Info (12134): Parameter "LPM_NREPRESENTATION" = "UNSIGNED"
    Info (12134): Parameter "LPM_DREPRESENTATION" = "UNSIGNED"
Info (12021): Found 1 design units, including 1 entities, in source file db/lpm_divide_9am.tdf
    Info (12023): Found entity 1: lpm_divide_9am File: C:/Users/a9284/Documents/GitHub/CPET-343/Lab7/toPost/lab7 v3/db/lpm_divide_9am.tdf Line: 24
Info (12021): Found 1 design units, including 1 entities, in source file db/sign_div_unsign_fkh.tdf
    Info (12023): Found entity 1: sign_div_unsign_fkh File: C:/Users/a9284/Documents/GitHub/CPET-343/Lab7/toPost/lab7 v3/db/sign_div_unsign_fkh.tdf Line: 24
Info (12021): Found 1 design units, including 1 entities, in source file db/alt_u_div_4te.tdf
    Info (12023): Found entity 1: alt_u_div_4te File: C:/Users/a9284/Documents/GitHub/CPET-343/Lab7/toPost/lab7 v3/db/alt_u_div_4te.tdf Line: 22
Info (12130): Elaborated megafunction instantiation "alu:math_alu|lpm_divide:Div0" File: C:/Users/a9284/Documents/GitHub/CPET-343/Lab7/toPost/lab7 v3/src/alu.vhd Line: 37
Info (12133): Instantiated megafunction "alu:math_alu|lpm_divide:Div0" with the following parameter: File: C:/Users/a9284/Documents/GitHub/CPET-343/Lab7/toPost/lab7 v3/src/alu.vhd Line: 37
    Info (12134): Parameter "LPM_WIDTHN" = "8"
    Info (12134): Parameter "LPM_WIDTHD" = "8"
    Info (12134): Parameter "LPM_NREPRESENTATION" = "UNSIGNED"
    Info (12134): Parameter "LPM_DREPRESENTATION" = "UNSIGNED"
Info (12021): Found 1 design units, including 1 entities, in source file db/lpm_divide_aam.tdf
    Info (12023): Found entity 1: lpm_divide_aam File: C:/Users/a9284/Documents/GitHub/CPET-343/Lab7/toPost/lab7 v3/db/lpm_divide_aam.tdf Line: 24
Info (12021): Found 1 design units, including 1 entities, in source file db/sign_div_unsign_gkh.tdf
    Info (12023): Found entity 1: sign_div_unsign_gkh File: C:/Users/a9284/Documents/GitHub/CPET-343/Lab7/toPost/lab7 v3/db/sign_div_unsign_gkh.tdf Line: 24
Info (12021): Found 1 design units, including 1 entities, in source file db/alt_u_div_5te.tdf
    Info (12023): Found entity 1: alt_u_div_5te File: C:/Users/a9284/Documents/GitHub/CPET-343/Lab7/toPost/lab7 v3/db/alt_u_div_5te.tdf Line: 22
Warning (13012): Latch addr_ctrl:ctrl_mem|nxt_st.IDLE_223 has unsafe behavior File: C:/Users/a9284/Documents/GitHub/CPET-343/Lab7/toPost/lab7 v3/src/addr_ctrl.vhd Line: 53
    Warning (13013): Ports D and ENA on the latch are fed by the same signal rising_edge_synchronizer:exec_sync|EDGE File: C:/Users/a9284/Documents/GitHub/CPET-343/Lab7/toPost/lab7 v3/src/rising_edge_synchronizer.vhd Line: 13
Warning (13012): Latch addr_ctrl:ctrl_mem|nxt_st.READ_S_179 has unsafe behavior File: C:/Users/a9284/Documents/GitHub/CPET-343/Lab7/toPost/lab7 v3/src/addr_ctrl.vhd Line: 53
    Warning (13013): Ports D and ENA on the latch are fed by the same signal rising_edge_synchronizer:exec_sync|EDGE File: C:/Users/a9284/Documents/GitHub/CPET-343/Lab7/toPost/lab7 v3/src/rising_edge_synchronizer.vhd Line: 13
Warning (13012): Latch addr_ctrl:ctrl_mem|nxt_st.WR_NO_OP_212 has unsafe behavior File: C:/Users/a9284/Documents/GitHub/CPET-343/Lab7/toPost/lab7 v3/src/addr_ctrl.vhd Line: 53
    Warning (13013): Ports D and ENA on the latch are fed by the same signal rising_edge_synchronizer:exec_sync|EDGE File: C:/Users/a9284/Documents/GitHub/CPET-343/Lab7/toPost/lab7 v3/src/rising_edge_synchronizer.vhd Line: 13
Warning (13012): Latch addr_ctrl:ctrl_mem|nxt_st.WRITE_S_190 has unsafe behavior File: C:/Users/a9284/Documents/GitHub/CPET-343/Lab7/toPost/lab7 v3/src/addr_ctrl.vhd Line: 53
    Warning (13013): Ports D and ENA on the latch are fed by the same signal rising_edge_synchronizer:exec_sync|EDGE File: C:/Users/a9284/Documents/GitHub/CPET-343/Lab7/toPost/lab7 v3/src/rising_edge_synchronizer.vhd Line: 13
Warning (13012): Latch nxt_st.IDLE_218 has unsafe behavior File: C:/Users/a9284/Documents/GitHub/CPET-343/Lab7/toPost/lab7 v3/src/top.vhd Line: 66
    Warning (13013): Ports D and ENA on the latch are fed by the same signal rising_edge_synchronizer:exec_sync|EDGE File: C:/Users/a9284/Documents/GitHub/CPET-343/Lab7/toPost/lab7 v3/src/rising_edge_synchronizer.vhd Line: 13
Warning (13004): Presettable and clearable registers converted to equivalent circuits with latches. Registers power-up to an undefined state, and DEVCLRn places the registers in an undefined state.
    Warning (13310): Register "memory:ram_mem|RAM[0][0]" is converted into an equivalent circuit using register "memory:ram_mem|RAM[0][0]~_emulated" and latch "memory:ram_mem|RAM[0][0]~1" File: C:/Users/a9284/Documents/GitHub/CPET-343/Lab7/toPost/lab7 v3/src/memory.vhd Line: 36
    Warning (13310): Register "memory:ram_mem|RAM[0][1]" is converted into an equivalent circuit using register "memory:ram_mem|RAM[0][1]~_emulated" and latch "memory:ram_mem|RAM[0][1]~5" File: C:/Users/a9284/Documents/GitHub/CPET-343/Lab7/toPost/lab7 v3/src/memory.vhd Line: 36
    Warning (13310): Register "memory:ram_mem|RAM[0][2]" is converted into an equivalent circuit using register "memory:ram_mem|RAM[0][2]~_emulated" and latch "memory:ram_mem|RAM[0][2]~9" File: C:/Users/a9284/Documents/GitHub/CPET-343/Lab7/toPost/lab7 v3/src/memory.vhd Line: 36
    Warning (13310): Register "memory:ram_mem|RAM[0][3]" is converted into an equivalent circuit using register "memory:ram_mem|RAM[0][3]~_emulated" and latch "memory:ram_mem|RAM[0][3]~13" File: C:/Users/a9284/Documents/GitHub/CPET-343/Lab7/toPost/lab7 v3/src/memory.vhd Line: 36
    Warning (13310): Register "memory:ram_mem|RAM[0][4]" is converted into an equivalent circuit using register "memory:ram_mem|RAM[0][4]~_emulated" and latch "memory:ram_mem|RAM[0][4]~17" File: C:/Users/a9284/Documents/GitHub/CPET-343/Lab7/toPost/lab7 v3/src/memory.vhd Line: 36
    Warning (13310): Register "memory:ram_mem|RAM[0][5]" is converted into an equivalent circuit using register "memory:ram_mem|RAM[0][5]~_emulated" and latch "memory:ram_mem|RAM[0][5]~21" File: C:/Users/a9284/Documents/GitHub/CPET-343/Lab7/toPost/lab7 v3/src/memory.vhd Line: 36
    Warning (13310): Register "memory:ram_mem|RAM[0][6]" is converted into an equivalent circuit using register "memory:ram_mem|RAM[0][6]~_emulated" and latch "memory:ram_mem|RAM[0][6]~25" File: C:/Users/a9284/Documents/GitHub/CPET-343/Lab7/toPost/lab7 v3/src/memory.vhd Line: 36
    Warning (13310): Register "memory:ram_mem|RAM[0][7]" is converted into an equivalent circuit using register "memory:ram_mem|RAM[0][7]~_emulated" and latch "memory:ram_mem|RAM[0][7]~29" File: C:/Users/a9284/Documents/GitHub/CPET-343/Lab7/toPost/lab7 v3/src/memory.vhd Line: 36
    Warning (13310): Register "memory:ram_mem|RAM[1][0]" is converted into an equivalent circuit using register "memory:ram_mem|RAM[1][0]~_emulated" and latch "memory:ram_mem|RAM[1][0]~33" File: C:/Users/a9284/Documents/GitHub/CPET-343/Lab7/toPost/lab7 v3/src/memory.vhd Line: 36
    Warning (13310): Register "memory:ram_mem|RAM[1][1]" is converted into an equivalent circuit using register "memory:ram_mem|RAM[1][1]~_emulated" and latch "memory:ram_mem|RAM[1][1]~37" File: C:/Users/a9284/Documents/GitHub/CPET-343/Lab7/toPost/lab7 v3/src/memory.vhd Line: 36
    Warning (13310): Register "memory:ram_mem|RAM[1][2]" is converted into an equivalent circuit using register "memory:ram_mem|RAM[1][2]~_emulated" and latch "memory:ram_mem|RAM[1][2]~41" File: C:/Users/a9284/Documents/GitHub/CPET-343/Lab7/toPost/lab7 v3/src/memory.vhd Line: 36
    Warning (13310): Register "memory:ram_mem|RAM[1][3]" is converted into an equivalent circuit using register "memory:ram_mem|RAM[1][3]~_emulated" and latch "memory:ram_mem|RAM[1][3]~45" File: C:/Users/a9284/Documents/GitHub/CPET-343/Lab7/toPost/lab7 v3/src/memory.vhd Line: 36
    Warning (13310): Register "memory:ram_mem|RAM[1][4]" is converted into an equivalent circuit using register "memory:ram_mem|RAM[1][4]~_emulated" and latch "memory:ram_mem|RAM[1][4]~49" File: C:/Users/a9284/Documents/GitHub/CPET-343/Lab7/toPost/lab7 v3/src/memory.vhd Line: 36
    Warning (13310): Register "memory:ram_mem|RAM[1][5]" is converted into an equivalent circuit using register "memory:ram_mem|RAM[1][5]~_emulated" and latch "memory:ram_mem|RAM[1][5]~53" File: C:/Users/a9284/Documents/GitHub/CPET-343/Lab7/toPost/lab7 v3/src/memory.vhd Line: 36
    Warning (13310): Register "memory:ram_mem|RAM[1][6]" is converted into an equivalent circuit using register "memory:ram_mem|RAM[1][6]~_emulated" and latch "memory:ram_mem|RAM[1][6]~57" File: C:/Users/a9284/Documents/GitHub/CPET-343/Lab7/toPost/lab7 v3/src/memory.vhd Line: 36
    Warning (13310): Register "memory:ram_mem|RAM[1][7]" is converted into an equivalent circuit using register "memory:ram_mem|RAM[1][7]~_emulated" and latch "memory:ram_mem|RAM[1][7]~61" File: C:/Users/a9284/Documents/GitHub/CPET-343/Lab7/toPost/lab7 v3/src/memory.vhd Line: 36
Info (286031): Timing-Driven Synthesis is running on partition "Top"
Critical Warning (18061): Ignored Power-Up Level option on the following registers
    Critical Warning (18010): Register s_pg_cnt[0] will power up to Low File: C:/Users/a9284/Documents/GitHub/CPET-343/Lab7/toPost/lab7 v3/src/top.vhd Line: 85
Info (16010): Generating hard_block partition "hard_block:auto_generated_inst"
    Info (16011): Adding 9 node(s), including 0 DDIO, 0 PLL, 0 transceiver and 0 LCELL
Info (21057): Implemented 718 device resources after synthesis - the final resource count might be different
    Info (21058): Implemented 6 input pins
    Info (21059): Implemented 27 output pins
    Info (21061): Implemented 671 logic cells
    Info (21064): Implemented 12 RAM segments
    Info (21062): Implemented 1 DSP elements
Info: Quartus Prime Analysis & Synthesis was successful. 0 errors, 32 warnings
    Info: Peak virtual memory: 4997 megabytes
    Info: Processing ended: Mon Dec 01 13:37:52 2025
    Info: Elapsed time: 00:00:17
    Info: Total CPU time (on all processors): 00:00:30


